,company,Price,Ram,internal,is_expandable,expandable_upto,display_inch,is_retina_display,display_type,rear_camera,front_camera,Battery,Processor_type
0,apple,57999.0,4,128,0,256,6.1,1,XDR,12, 12,3000,Bionic Chip
1,apple,58999.0,4,128,0,256,6.1,1,XDR,12, 12,3000,Bionic Chip
4,apple,65999.0,4,128,0,256,6.7,1,XDR,12, 12,3000,Bionic Chip
6,apple,64999.0,4,128,0,256,6.7,1,XDR,12, 12,3000,Bionic Chip
7,apple,77900.0,4,128,0,256,6.1,1,XDR,48, 12,3000,Bionic Chip
10,apple,68999.0,4,256,0,256,6.1,1,XDR,12, 12,3000,Bionic Chip
12,apple,42999.0,4,64,0,256,6.1,1,XDR,12, 12,3000,Bionic Chip
13,apple,87900.0,4,256,0,256,6.1,1,XDR,48, 12,3000,Bionic Chip
15,apple,87900.0,4,128,0,256,6.7,1,XDR,48, 12,3000,Bionic Chip
16,apple,48999.0,4,128,0,256,6.1,1,XDR,12, 12,3000,Bionic Chip
22,apple,130990.0,4,128,0,256,6.1,1,XDR,48, 12,3000,Bionic Chip
23,apple,131990.0,4,128,0,256,6.1,1,XDR,48, 12,3000,Bionic Chip
27,apple,88999.0,4,512,0,256,6.1,1,XDR,12, 12,3000,Bionic Chip
30,apple,58900.0,4,128,0,256,6.1,1,XDR,12, 12,3000,Bionic Chip
31,apple,141900.0,4,256,0,256,6.1,1,XDR,48, 12,3000,Bionic Chip
35,apple,43900.0,4,64,0,256,6.1,1,HD,12, 12,3000,Bionic Chip
36,apple,156900.0,4,256,0,256,6.7,1,XDR,48, 12,3000,Bionic Chip
38,apple,68900.0,4,256,0,256,6.1,1,XDR,12, 12,3000,Bionic Chip
45,apple,97900.0,4,256,0,256,6.7,1,XDR,48, 12,3000,Bionic Chip
46,apple,169900.0,4,1,0,256,6.1,1,XDR,12, 12,3000,Bionic Chip
50,apple,149900.0,4,512,0,256,6.1,1,XDR,12, 12,3000,Bionic Chip
52,apple,196900.0,4,1,0,256,6.7,1,XDR,48, 12,3000,Bionic Chip
54,apple,179900.0,4,1,0,256,6.7,1,XDR,12, 12,3000,Bionic Chip
58,apple,117900.0,4,512,0,256,6.7,1,XDR,48, 12,3000,Bionic Chip
63,apple,180990.0,4,1,0,256,6.1,1,XDR,48, 12,3000,Bionic Chip
66,apple,161990.0,4,512,0,256,6.1,1,XDR,48, 12,3000,Bionic Chip
67,apple,87990.0,4,512,0,256,6.1,1,XDR,12, 12,3000,Bionic Chip
69,apple,176900.0,4,512,0,256,6.7,1,XDR,48, 12,3000,Bionic Chip
75,apple,63999.0,4,256,0,256,6.1,1,XDR,12, 12,3000,Bionic Chip
80,apple,95999.0,4,512,0,256,6.7,1,XDR,12, 12,3000,Bionic Chip
86,apple,107900.0,4,512,0,256,6.1,1,XDR,48, 12,3000,Bionic Chip
87,apple,95699.0,4,64,0,256,6.5,1,XDR,12, 12,3000,Bionic Chip
89,apple,127999.0,4,128,0,256,6.7,1,XDR,48, 12,3000,Bionic Chip
105,apple,48900.0,4,128,0,256,6.1,1,HD,12, 12,3000,Bionic Chip
111,apple,91999.0,4,512,0,256,5.4,1,XDR,12, 12,3000,Bionic Chip
112,apple,49900.0,4,64,0,256,4.7,1,HD,12, 7,3000,Bionic Chip
117,apple,129900.0,4,256,0,256,6.1,1,XDR,12, 12,3000,Bionic Chip
118,apple,42999.0,4,128,0,256,5.4,1,XDR,12, 12,3000,Bionic Chip
132,apple,48999.0,4,64,0,256,5.5,1,HD,8, 1.2,3000,Bionic Chip
135,apple,25000.0,4,16,0,256,4,1,HD,8, 1.2,3000,other
136,apple,109900.0,4,64,0,256,6.5,1,HD,12, 7,3000,Bionic Chip
139,apple,75999.0,4,256,0,256,6.7,1,XDR,12, 12,3000,Bionic Chip
141,apple,177999.0,4,1,0,256,6.7,1,XDR,48, 12,3000,Bionic Chip
145,apple,54900.0,4,128,0,256,4.7,1,HD,12, 7,3000,Bionic Chip
147,apple,36999.0,4,64,0,256,5.4,1,XDR,12, 12,3000,Bionic Chip
151,apple,41699.0,4,128,0,256,6.1,0,HD,12, 7,3000,Bionic Chip
154,apple,129900.0,4,256,0,256,6.7,1,XDR,12, 12,3000,Bionic Chip
160,apple,36999.0,4,64,0,256,5.4,1,XDR,12, 12,3000,Bionic Chip
161,apple,41900.0,4,16,0,256,4,1,HD,8, 1.2,3000,Bionic Chip
163,apple,14999.0,4,8,0,256,4,1,HD,8, 1.2,3000,Bionic Chip
165,apple,53500.0,4,32,0,256,4,1,HD,8, 1.2,3000,Bionic Chip
166,apple,14999.0,4,16,0,256,4,1,HD,8, 1.2,3000,other
167,apple,91900.0,4,256,0,256,6.1,0,HD,12, 7,3000,Bionic Chip
169,apple,140300.0,4,512,0,256,5.8,1,XDR,12, 12,3000,Bionic Chip
174,apple,74400.0,4,256,0,256,4.7,1,HD,12, 7,3000,Bionic Chip
175,apple,85400.0,4,256,0,256,5.5,1,HD,12, 7,3000,other
176,apple,85400.0,4,256,0,256,5.5,1,HD,12, 7,3000,Bionic Chip
177,apple,34900.0,4,128,0,256,4.7,1,HD,12, 7,3000,other
178,apple,100699.0,4,256,0,256,5.8,1,XDR,12, 12,3000,Bionic Chip
182,apple,49999.0,4,64,0,256,4.7,1,HD,12, 5,3000,Bionic Chip
184,apple,131900.0,4,256,0,256,6.5,1,XDR,12, 12,3000,Bionic Chip
186,apple,64900.0,4,256,0,256,4.7,1,HD,12, 7,3000,Bionic Chip
192,apple,47900.0,4,64,0,256,6.1,0,HD,12, 7,3000,Bionic Chip
194,apple,55999.0,4,128,0,256,4.7,1,HD,12, 5,3000,Bionic Chip
195,apple,40990.0,4,256,0,256,4.7,1,HD,12, 7,3000,Bionic Chip
196,apple,159900.0,4,512,0,256,6.7,1,XDR,12, 12,3000,Bionic Chip
197,apple,129900.0,4,128,0,256,6.7,1,XDR,12, 12,3000,Bionic Chip
198,apple,31500.0,4,32,0,256,4.7,1,HD,12, 7,3000,other
202,apple,59999.0,4,64,0,256,5.5,1,HD,12, 5,3000,Bionic Chip
203,apple,52900.0,4,128,0,256,6.1,0,HD,12, 7,3000,Bionic Chip
204,apple,150800.0,4,512,0,256,6.5,1,XDR,12, 12,3000,Bionic Chip
206,apple,34900.0,4,128,0,256,4.7,1,HD,12, 7,3000,Bionic Chip
208,apple,42900.0,4,128,0,256,5.488,1,HD,12, 7,3000,other
211,apple,74400.0,4,256,0,256,4.7,1,HD,12, 7,3000,other
217,apple,139900.0,4,256,0,256,6.7,1,XDR,12, 12,3000,Bionic Chip
225,apple,71999.0,4,256,0,256,5.4,1,XDR,12, 12,3000,Bionic Chip
226,apple,47900.0,4,64,0,256,6.1,0,HD,12, 7,3000,Bionic Chip
229,apple,37900.0,4,32,0,256,5.488,1,HD,12, 7,3000,other
231,apple,41699.0,4,128,0,256,6.1,0,HD,12, 7,3000,Bionic Chip
235,apple,106699.0,4,512,0,256,6.1,1,XDR,12, 12,3000,Bionic Chip
236,apple,106600.0,4,64,0,256,5.8,1,XDR,12, 12,3000,Bionic Chip
237,apple,32990.0,4,128,0,256,4.7,1,HD,12, 7,3000,Bionic Chip
238,apple,41999.0,4,16,0,256,4.7,1,HD,12, 5,3000,Bionic Chip
239,apple,101999.0,4,256,0,256,6.5,1,XDR,12, 12,3000,Bionic Chip
247,apple,149900.0,4,512,0,256,6.1,1,XDR,48, 12,3000,Bionic Chip
250,apple,34900.0,4,32,0,256,5.5,1,HD,12, 5,3000,other
261,apple,84900.0,4,256,0,256,5.5,1,HD,12, 7,3000,Bionic Chip
266,apple,49900.0,4,64,0,256,5.5,1,HD,12, 7,3000,Bionic Chip
267,apple,119900.0,4,128,0,256,6.1,1,XDR,12, 12,3000,Bionic Chip
269,apple,36999.0,4,64,0,256,6.1,0,HD,12, 7,3000,Bionic Chip
272,apple,37900.0,4,32,0,256,5.488,1,HD,12, 7,3000,other
274,apple,118199.0,4,512,0,256,5.8,1,XDR,12, 12,3000,Bionic Chip
282,apple,95599.0,4,128,0,256,6.7,1,XDR,12, 12,3000,Bionic Chip
283,apple,88199.0,4,256,0,256,6.1,1,XDR,12, 12,3000,Bionic Chip
284,apple,87099.0,4,64,0,256,5.8,1,XDR,12, 12,3000,Bionic Chip
293,apple,29990.0,4,32,0,256,4.7,1,HD,12, 5,3000,other
294,apple,36999.0,4,64,0,256,6.1,0,HD,12, 7,3000,Bionic Chip
295,apple,129900.0,4,256,0,256,6.1,1,XDR,48, 12,3000,Bionic Chip
296,apple,104799.0,4,256,0,256,6.7,1,XDR,12, 12,3000,Bionic Chip
297,apple,157999.0,4,512,0,256,6.7,1,XDR,48, 12,3000,Bionic Chip
299,apple,92000.0,4,128,0,256,5.5,1,HD,12, 5,3000,Bionic Chip
304,apple,61999.0,4,128,0,256,5.4,1,XDR,12, 12,3000,Bionic Chip
305,apple,30780.0,4,32,0,256,4.7,1,HD,8, 1.2,3000,other
312,apple,56999.0,4,256,0,256,5.4,1,XDR,12, 12,3000,Bionic Chip
313,apple,28990.0,4,64,0,256,4.7,1,HD,12, 7,3000,Bionic Chip
314,apple,70000.0,4,128,0,256,5.5,1,HD,12, 5,3000,Bionic Chip
315,apple,39900.0,4,64,0,256,4.7,1,HD,12, 7,3000,Bionic Chip
321,apple,55999.0,4,128,0,256,5.4,1,XDR,12, 12,3000,Bionic Chip
325,apple,123299.0,4,512,0,256,6.7,1,XDR,12, 12,3000,Bionic Chip
329,apple,77000.0,4,256,0,256,4.7,1,HD,12, 7,3000,Bionic Chip
331,apple,119900.0,4,128,0,256,6.1,1,XDR,48, 12,3000,Bionic Chip
336,apple,62000.0,4,16,0,256,4.7,1,HD,12, 5,3000,Bionic Chip
337,apple,137999.0,4,256,0,256,6.7,1,XDR,48, 12,3000,Bionic Chip
340,apple,29990.0,4,32,0,256,4.7,1,HD,12, 5,3000,other
342,apple,121300.0,4,256,0,256,5.8,1,XDR,12, 12,3000,Bionic Chip
343,apple,144900.0,4,512,0,256,6.5,1,HD,12, 7,3000,Bionic Chip
346,apple,39999.0,4,16,0,256,5.5,1,HD,8, 1.2,3000,other
352,apple,85400.0,4,256,0,256,5.5,1,HD,12, 7,3000,Bionic Chip
363,apple,49999.0,4,16,0,256,5.5,1,HD,12, 5,3000,Bionic Chip
368,apple,78899.0,4,128,0,256,6.1,1,XDR,12, 12,3000,Bionic Chip
377,apple,56999.0,4,256,0,256,5.4,1,XDR,12, 12,3000,Bionic Chip
378,apple,103900.0,4,256,0,256,5.8,1,HD,12, 7,3000,Bionic Chip
380,apple,36999.0,4,64,0,256,6.102,0,HD,12, 7,3000,Bionic Chip
382,apple,52900.0,4,128,0,256,6.1,0,HD,12, 7,3000,Bionic Chip
383,apple,44999.0,4,64,0,256,4.7,1,HD,8, 1.2,3000,Bionic Chip
385,apple,169900.0,4,1,0,256,6.1,1,XDR,48, 12,3000,Bionic Chip
390,apple,106900.0,4,256,0,256,5.8,1,HD,12, 7,3000,Bionic Chip
393,apple,49999.0,4,16,0,256,5.5,1,HD,12, 5,3000,other
394,apple,49999.0,4,128,0,256,4.7,1,HD,8, 1.2,3000,Bionic Chip
397,apple,62500.0,4,64,0,256,4.7,1,HD,8, 1.2,3000,Bionic Chip
399,apple,48999.0,4,128,0,256,5.5,1,HD,8, 1.2,3000,Bionic Chip
401,apple,91900.0,4,64,0,256,5.8,1,HD,12, 7,3000,Bionic Chip
407,apple,124900.0,4,256,0,256,6.5,1,HD,12, 7,3000,Bionic Chip
410,apple,134900.0,4,512,0,256,5.8,1,HD,12, 7,3000,Bionic Chip
414,apple,36990.0,4,16,0,256,4.7,1,HD,8, 1.2,3000,other
415,apple,40999.0,4,16,0,256,5.5,1,HD,8, 1.2,3000,other
416,apple,71500.0,4,128,0,256,4.7,1,HD,8, 1.2,3000,other
417,apple,71500.0,4,128,0,256,4.7,1,HD,8, 1.2,3000,Bionic Chip
418,apple,54900.0,4,256,0,256,4.7,1,HD,12, 7,3000,Bionic Chip
429,apple,62000.0,4,64,0,256,4.7,1,HD,8, 1.2,3000,Bionic Chip
432,apple,89900.0,4,64,0,256,5.8,1,HD,12, 7,3000,Bionic Chip
433,apple,52000.0,4,16,0,256,4.7,1,HD,8, 1.2,3000,other
445,apple,22900.0,4,8,0,256,3.5,0,HD,5, 0.3,3000,other
448,apple,39900.0,4,64,0,256,4.7,1,HD,12, 7,3000,Bionic Chip
455,apple,37500.0,4,8,0,256,4,1,HD,8, 1.2,3000,Bionic Chip
457,apple,28130.0,4,32,0,256,4.7,1,HD,8, 1.2,3000,Bionic Chip
459,apple,13999.0,4,8,0,256,3.5,0,HD,5, 0.3,3000,other
460,apple,80500.0,4,128,0,256,5.5,1,HD,8, 1.2,3000,Bionic Chip
461,apple,71500.0,4,64,0,256,5.5,1,HD,8, 1.2,3000,Bionic Chip
462,apple,72000.0,4,16,0,256,5.5,1,HD,12, 5,3000,other
463,apple,80500.0,4,128,0,256,5.5,1,HD,8, 1.2,3000,Bionic Chip
466,google,39999.0,8,128,0,256,6.3,0,HD,50, 10.8,4270,other
467,google,39999.0,8,128,0,256,6.3,0,HD,50, 10.8,4270,other
469,google,38999.0,8,128,0,256,6.1,0,HD,64, 13,4300,other
470,google,58999.0,12,128,0,256,6.7,0,HD,50, 10.8,4926,other
471,google,82999.0,8,256,0,256,6.2,0,HD,50, 10.5,4575,other
472,google,75999.0,8,128,0,256,6.2,0,HD,50, 10.5,4575,other
480,google,106999.0,12,128,0,256,6.7,0,HD,50, 10.5,5050,other
482,google,113999.0,12,256,0,256,6.7,0,HD,50, 10.5,5050,other
483,google,22500.0,4,64,0,256,6.3,0,HD,12.2, 16,3430,Qualcomm Sanpdragon
484,google,21500.0,4,64,0,256,5.5,0,HD,12.2, 16,2915,Qualcomm Sanpdragon
485,google,26999.0,6,128,0,256,6.14,0,HD,12.2, 8,4410,other
487,google,80000.0,4,128,0,256,5.5,0,HD,12.2, 8,2915,Qualcomm Sanpdragon
488,google,17056.0,6,64,0,256,6,0,HD,12.2, 16,3520,other
489,infinix,6299.0,3,64,1,2048,6.6,0,HD,13, 8,5000,other
492,infinix,8299.0,8,128,1,1024,6.6,0,HD,50, 5,5000,other
493,infinix,7499.0,4,64,1,1024,6.6,0,HD,50, 5,5000,other
500,infinix,11499.0,4,128,1,1024,6.78,0,HD,50, 8,6000,Mediatek
501,infinix,14999.0,8,256,1,2048,6.78,0,HD,108, 16,5000,Mediatek
502,infinix,14499.0,4,128,1,2048,6.78,0,HD,108, 16,5000,Mediatek
506,infinix,12999.0,8,128,1,1024,6.78,0,HD,50, 8,6000,Mediatek
511,infinix,7299.0,4,128,1,512,6.6,0,HD,13, 5,6000,other
517,infinix,5999.0,2,64,1,1024,6.6,0,HD,8, 5,5000,other
518,infinix,5999.0,2,64,1,1024,6.6,0,HD,8, 5,5000,other
523,infinix,22999.0,8,256,0,256,6.78,0,HD,108, 50,5000,Mediatek
526,infinix,7499.0,4,64,1,256,6.82,0,HD,13Mp, 8,6000,Mediatek
528,infinix,23999.0,12,256,0,256,6.78,0,HD,108, 50,5000,Mediatek
531,infinix,12999.0,6,128,1,1024,6.6,0,HD,50, 8,5000,Mediatek
533,infinix,29999.0,8,256,0,256,6.8,0,HD,200, 32,4500,Mediatek
534,infinix,17999.0,8,256,1,256,6.78,0,HD,50, 16,5000,Mediatek
539,infinix,17999.0,8,128,1,2048,6.7,0,HD,108, 60 ,4500,other
541,infinix,12999.0,8,128,1,512,6.7,0,HD,50, 16,5000,Mediatek
542,infinix,8999.0,4,64,1,256,6.82,0,HD,13, 8,6000,other
543,infinix,9499.0,6,64,1,256,6.6,0,HD,50, 8,5000,other
544,infinix,9999.0,4,64,0,256,6.82,0,HD,50, 8,6000,Mediatek
548,infinix,16999.0,8,256,1,256,6.95,0,HD,64, 16,5000,Mediatek
550,infinix,10999.0,8,128,1,256,6.6,0,HD,50, 8,5000,other
553,infinix,8299.0,3,64,1,512,6.82,0,HD,8, 5,5000,Mediatek
555,infinix,6999.0,2,32,1,512,6.6,0,HD,8, 5,5000,Mediatek
556,infinix,15999.0,8,128,1,512,6.95,0,HD,50, 16,5000,Mediatek
557,infinix,16999.0,8,256,1,2048,6.7,0,HD,108, 16,5000,Mediatek
559,infinix,15999.0,6,64,1,2048,6.7,0,HD,50, 16,5000,Mediatek
560,infinix,11999.0,4,128,1,256,6.78,0,HD,50, 8,5000,Mediatek
561,infinix,18999.0,8,128,1,2048,6.7,0,HD,108, 16,5000,Mediatek
562,infinix,12499.0,6,128,1,256,6.95,0,HD,48, 16,5000,Mediatek
566,infinix,7499.0,2,32,1,256,6.82,0,HD,13, 8,6000,Mediatek
568,infinix,10549.0,4,64,1,256,6.6,0,HD,48, 8,5000,Mediatek
569,infinix,9499.0,4,64,1,256,6.82,0,HD,13, 8,6000,Mediatek
570,infinix,8299.0,3,32,1,256,6.82,0,HD,13, 8,6000,Mediatek
573,infinix,9999.0,4,64,1,1024,6.6,0,HD,50, 8,5000,Mediatek
575,infinix,8499.0,4,64,1,512,6.7,0,HD,50, 8,5000,Mediatek
581,infinix,7490.0,3,64,1,512,6.82,0,HD,8, 5,5000,Mediatek
582,infinix,10999.0,4,64,1,256,6.95,0,HD,48, 16,5000,Mediatek
594,infinix,8999.0,4,64,0,256,6.52,0,HD,13, 8,5000,Mediatek
595,infinix,10999.0,3,32,1,128,5.99,0,HD,12, 16,4500,other
598,infinix,13999.0,6,64,1,512,6.95,0,HD,50, 16,5000,Mediatek
599,infinix,13999.0,6,64,1,512,6.95,0,HD,50, 16,5000,Mediatek
600,infinix,7199.0,2,32,1,256,6.52,0,HD,8, 8,5000,Mediatek
603,infinix,7999.0,2,32,1,256,6.21,0,HD,13, 8,3500,Mediatek
604,infinix,7999.0,2,32,1,256,6.21,0,HD,13, 8,3500,Mediatek
608,infinix,13999.0,6,128,1,256,6.78,0,HD,16, 8,5200,Mediatek
609,infinix,11999.0,4,64,1,512,6.7,0,HD,50, 16,5000,Mediatek
610,infinix,8690.0,4,64,1,1024,6.7,0,HD,13, 8,5000,other
611,infinix,6748.0,3,32,1,128,5.99,0,HD,12, 16,4500,other
612,infinix,8090.0,4,64,1,256,6.82,0,HD,13, 8,6000,Mediatek
613,infinix,12499.0,4,64,1,512,6.7,0,HD,50, 16,5000,Mediatek
614,infinix,12999.0,6,128,1,512,6.7,0,HD,50, 16,5000,Mediatek
615,infinix,9999.0,3,32,1,256,6.82,0,HD,13, 8,6000,Mediatek
618,infinix,9999.0,4,64,1,1024,6.7,0,HD,13, 8,5000,other
619,infinix,7499.0,2,64,1,512,6.6,0,HD,8, 5,5000,Mediatek
623,infinix,9999.0,4,64,1,256,6.82,0,HD,48, 8,6000,Mediatek
627,infinix,14499.0,6,128,1,512,6.7,0,HD,50, 16,5000,Mediatek
628,infinix,10999.0,4,64,1,256,6.78,0,HD,50, 8,5000,Mediatek
630,infinix,10989.0,6,128,1,256,6.78,0,HD,16, 8,5200,Mediatek
632,infinix,7999.0,3,32,1,128,5.45,0,HD,13, 8,3050,other
633,infinix,9449.0,4,64,0,256,6.52,0,HD,13, 8,5000,Mediatek
635,infinix,9958.0,4,64,0,256,6.52,0,HD,13, 8,5000,Mediatek
636,infinix,19999.0,8,128,1,256,6.78,0,HD,48, 16,5000,Mediatek
637,infinix,9999.0,4,64,1,256,6.6,0,HD,13, 8,5200,Mediatek
639,infinix,12999.0,6,64,1,512,6.95,0,HD,50, 16,5000,Mediatek
640,infinix,8039.0,4,64,1,256,6.82,0,HD,13, 8,6000,Mediatek
641,infinix,15199.0,8,128,1,512,6.95,0,HD,50, 16,5000,Mediatek
644,infinix,7399.0,3,32,1,128,5.99,0,HD,12, 16,4500,other
645,infinix,6499.0,2,32,1,256,6.6,0,HD,13, 16,5000,other
646,infinix,10999.0,6,64,1,256,6.82,0,HD,48, 8,6000,Mediatek
647,infinix,8364.0,4,64,1,1024,6.7,0,HD,13, 8,5000,other
648,infinix,6499.0,2,32,1,256,6.1,0,HD,8, 5,5000,Mediatek
649,infinix,9690.0,6,64,1,256,6.82,0,HD,48, 8,6000,Mediatek
650,infinix,10999.0,4,64,1,256,6.21,0,HD,13, 32,4000,Mediatek
651,infinix,8999.0,3,32,1,128,5.7,0,HD,13, 8,4300,other
652,infinix,11999.0,4,64,1,256,6.6,0,HD,13, 8,5000,Mediatek
653,infinix,7055.0,3,32,1,128,5.7,0,HD,13, 8,4300,other
654,infinix,12498.0,6,128,1,256,6.95,0,HD,48, 16,5000,Mediatek
655,infinix,7898.0,2,32,1,256,6.21,0,HD,13, 8,3500,Mediatek
659,infinix,17999.0,8,128,1,256,6.78,0,HD,50, 16,5000,Mediatek
660,infinix,9140.0,4,128,1,256,6.78,0,HD,50, 8,5000,Mediatek
661,infinix,24999.0,8,128,1,256,6.78,0,HD,50, 16,5000,Mediatek
665,infinix,7985.0,4,64,1,256,6.82,0,HD,13, 8,6000,Mediatek
666,infinix,10999.0,4,64,1,256,6.78,0,HD,50, 8,5000,Mediatek
667,infinix,11999.0,4,64,1,256,6.78,0,HD,16, 8,5200,Mediatek
668,infinix,9799.0,6,128,1,256,6.78,0,HD,16, 8,5200,Mediatek
670,infinix,11999.0,4,64,1,256,6.53,0,HD,48, 16,4000,Mediatek
672,infinix,6549.0,3,32,1,128,5.45,0,HD,13, 8,3050,other
674,infinix,6369.0,2,32,1,256,6.6,0,HD,13, 16,5000,other
675,infinix,10499.0,6,128,1,256,6.78,0,HD,16, 8,5200,Mediatek
676,infinix,12999.0,4,64,1,256,6.53,0,HD,48, 16,4000,Mediatek
680,infinix,11990.0,4,64,1,256,6.95,0,HD,48, 16,5000,Mediatek
681,infinix,11390.0,4,64,1,256,6.95,0,HD,48, 16,5000,Mediatek
683,infinix,7741.0,2,32,1,256,6.52,0,HD,8, 8,5000,Mediatek
685,infinix,9990.0,4,64,1,256,6.78,0,HD,50, 8,5000,Mediatek
686,infinix,8329.0,4,64,1,256,6.78,0,HD,16, 8,5200,Mediatek
688,infinix,10499.0,4,64,1,256,6.95,0,HD,48, 16,5000,Mediatek
690,infinix,9358.0,6,64,1,256,6.82,0,HD,48, 8,6000,Mediatek
691,infinix,10999.0,4,64,1,256,6.6,0,HD,16, 32,4000,Mediatek
692,infinix,9999.0,3,32,1,256,6.21,0,HD,13, 32,4000,Mediatek
693,infinix,9999.0,4,64,1,256,6.19,0,HD,13, 13,4000,Mediatek
694,infinix,16999.0,4,64,1,128,5.93,0,HD,16, 16,4000,Mediatek
696,infinix,10999.0,3,32,1,128,6.2,0,HD,13, 16,4000,Qualcomm Sanpdragon
697,infinix,6999.0,2,16,1,128,5.45,0,HD,13, 8,3050,other
699,infinix,18999.0,8,128,1,256,6.85,0,HD,48, 16,4500,Mediatek
701,infinix,12999.0,4,64,1,128,5.99,0,HD,12, 16,4500,other
703,infinix,9999.0,4,64,1,256,6.6,0,HD,16, 16,4000,Mediatek
706,infinix,7499.0,3,16,1,128,5.5,0,HD,13, 5,4000,other
710,infinix,9999.0,3,32,1,128,5.65,0,HD,13, 20,4000,Qualcomm Sanpdragon
712,infinix,9990.0,6,64,1,128,5.98,0,HD,12, 16,4350,Mediatek
713,infinix,7490.0,4,64,1,128,5.99,0,HD,12, 16,4500,other
714,infinix,7490.0,2,32,0,256,6.82,0,HD,13, 8,6000,Mediatek
717,motorola,9999.0,8,128,0,256,6.5,0,HD,50, 16,5000,Qualcomm Sanpdragon
718,motorola,6499.0,4,64,1,1024,6.5,0,HD,13, 5,5000,other
719,motorola,24999.0,12,256,0,256,6.55,0,HD,50, 32,5000,Mediatek
720,motorola,22999.0,8,128,0,256,6.55,0,HD,50, 32,5000,Mediatek
721,motorola,13999.0,8,128,1,1024,6.5,0,HD,50, 16,6000,Mediatek
723,motorola,15999.0,12,256,1,1024,6.5,0,HD,50, 16,6000,Mediatek
725,motorola,18999.0,12,256,0,256,6.55,0,HD,50, 16,5000,Qualcomm Sanpdragon
727,motorola,5999.0,4,64,1,1024,6.5,0,HD,48, 8,5000,other
729,motorola,8499.0,4,128,1,1024,6.5,0,HD,50, 8,5000,other
733,motorola,7499.0,8,128,1,1024,6.5,0,HD,13, 5,5000,other
736,motorola,26499.0,8,256,0,256,6.5,0,HD,50, 32,4400,Mediatek
740,motorola,12999.0,8,128,1,1024,6.5,0,HD,50, 16,5000,Mediatek
742,motorola,26499.0,8,256,0,256,6.5,0,HD,50, 32,4400,Mediatek
745,motorola,7999.0,4,64,1,1024,6.5,0,HD,50, 8,5000,Mediatek
749,motorola,5999.0,2,64,1,1024,6.5,0,HD,13, 5,5000,other
754,motorola,13999.0,6,128,0,256,6.6,0,HD,50, 16,5000,Qualcomm Sanpdragon
755,motorola,34999.0,8,128,0,256,6.55,0,HD,50, 32,4400,Qualcomm Sanpdragon
762,motorola,11999.0,4,64,1,1024,6.4,0,HD,50, 13,5000,Mediatek
765,motorola,13989.0,6,128,1,1024,6.4,0,HD,50, 13,5000,Mediatek
766,motorola,10999.0,4,64,0,256,6.5,0,HD,50, 16,5000,Qualcomm Sanpdragon
767,motorola,22999.0,8,128,0,256,6.55,0,HD,50, 32,4020,Qualcomm Sanpdragon
769,motorola,16999.0,6,128,1,1024,6.55,0,HD,108, 16,5000,Mediatek
771,motorola,14999.0,6,128,0,256,6.78,0,HD,108, 32,6000,Qualcomm Sanpdragon
774,motorola,10999.0,4,64,1,1024,6.5,0,HD,50, 16,5000,Mediatek
779,motorola,8999.0,4,64,1,1024,6.51,0,HD,13, 5,5000,Mediatek
780,motorola,24999.0,6,128,0,256,6.55,0,HD,50, 32,4020,Qualcomm Sanpdragon
781,motorola,34999.0,8,128,0,256,6.7,0,HD,108, 32,4000,Qualcomm Sanpdragon
783,motorola,17999.0,4,64,0,256,6.6,0,HD,50, 16,5000,Qualcomm Sanpdragon
785,motorola,11999.0,4,64,1,512,6.78,0,HD,64, 16,6000,Qualcomm Sanpdragon
787,motorola,8999.0,4,128,1,1024,6.5,0,HD,50, 8,5000,Mediatek
788,motorola,26499.0,8,256,0,256,6.5,0,HD,50, 32,4400,Mediatek
790,motorola,11990.0,4,64,1,256,6.47,0,HD,50, 16,5000,Qualcomm Sanpdragon
791,moto,16999.0,6,128,0,256,6.4,0,HD,50, 16,5000,Qualcomm Sanpdragon
792,moto,9999.0,3,32,1,128,5.5,0,HD,13, 5,5000,Mediatek
793,motorola,8750.0,4,64,1,1024,6.5,0,HD,16, 8,5000,Mediatek
794,motorola,18999.0,6,128,0,256,6.67,0,HD,108, 32,5000,Mediatek
796,motorola,20999.0,8,128,0,256,6.693,0,HD,108, 32,5000,Mediatek
798,moto,6999.0,2,16,1,32,5,0,HD,8, 2,4000,other
799,motorola,14999.0,4,64,1,1024,6.8,0,HD,50, 13,5000,Qualcomm Sanpdragon
800,motorola,149999.0,6,128,0,256,6.2,0,HD,16, 5,2510,other
801,razr,65160.0,8,256,0,256,6.9,0,HD,64, 16,4200,other
802,a,1388.0,1,100,1,32,1.8,0,HD,0.1, 16,800,other
803,razar,65160.0,8,256,0,256,6.9,0,HD,64, 16,4200,other
804,motorola,12999.0,6,128,1,1024,6.4,0,HD,50, 13,5000,Mediatek
807,motorola,10999.0,6,128,0,256,6.55,0,HD,50, 16,5000,Qualcomm Sanpdragon
808,motorola,11999.0,8,128,0,256,16.51,0,HD,50, 16,5000,Qualcomm Sanpdragon
812,motorola,14999.0,8,128,1,1024,6.6,0,HD,50, 16,5000,Qualcomm Sanpdragon
819,motorola,9499.0,4,64,1,1024,6.5,0,HD,50, 8,5000,Mediatek
820,motorola,13999.0,6,128,1,1024,6.6,0,HD,50, 16,5000,Qualcomm Sanpdragon
821,motorola,34999.0,8,128,0,256,6.67,0,HD,200, 60,4610,Qualcomm Sanpdragon
822,motorola,10990.0,4,64,0,256,6.47,0,HD,50, 16,5000,Qualcomm Sanpdragon
823,moto,17499.0,2,16,1,128,5.5,0,HD,21, 5,3630,Qualcomm Sanpdragon
827,motorola,39999.0,12,256,0,256,6.67,0,HD,200, 60,4610,Qualcomm Sanpdragon
828,moto,5999.0,2,16,1,32,5,0,HD,8, 2,4000,other
830,moto,8999.0,3,32,1,128,5.5,0,HD,13, 5,5000,Mediatek
831,moto,6499.0,2,16,1,32,5,0,HD,8, 2,4000,other
833,motorola,9999.0,4,64,0,256,6.402,0,HD,50, 16,5000,Qualcomm Sanpdragon
834,motorola,15999.0,6,128,0,256,6.78,0,HD,108, 32,6000,Qualcomm Sanpdragon
835,motorola,6990.0,3,32,1,1024,6.5,0,HD,16, 8,5000,Mediatek
836,motorola,6990.0,3,32,1,1024,6.5,0,HD,16, 8,5000,Mediatek
838,motorola,9999.0,4,64,0,256,6.51,0,HD,48, 8,6000,Qualcomm Sanpdragon
839,motorola,10999.0,4,64,0,256,6.78,0,HD,64, 16,6000,Qualcomm Sanpdragon
840,moto,24999.0,6,128,1,1024,6.67,0,HD,48, 16,5000,Qualcomm Sanpdragon
841,motorola,12999.0,6,128,0,256,6.78,0,HD,64, 16,6000,Qualcomm Sanpdragon
844,moto,15999.0,4,64,1,512,6.3,0,HD,48, 25,4000,Qualcomm Sanpdragon
845,motorola,34999.0,8,128,0,256,6.417,0,HD,50, 60,4800,Qualcomm Sanpdragon
849,motorola,16999.0,4,128,1,512,6.3,0,HD,12, 12,3500,Exynos
850,motorola,20999.0,8,128,0,256,6.67,0,HD,108, 32,5000,Mediatek
855,motorola,9998.0,4,64,1,256,6.5,0,HD,16, 8,5000,Mediatek
858,motorola,9498.0,4,64,1,512,6.5,0,HD,48, 8,5000,Qualcomm Sanpdragon
861,motorola,27999.0,8,128,0,256,6.7,0,HD,108, 32,4000,Qualcomm Sanpdragon
862,motorola,16999.0,6,128,1,1024,6.5,0,HD,64, 16,5000,Qualcomm Sanpdragon
863,motorola,6999.0,2,32,1,1024,6.51,0,HD,13, 5,5000,Mediatek
865,motorola,8990.0,4,64,1,1024,6.5,0,HD,16, 8,5000,Mediatek
866,motorola,29999.0,8,128,0,256,6.7,0,HD,108, 32,4500,Qualcomm Sanpdragon
868,moto,7499.0,4,64,1,512,6.1,0,HD,13, 8,3000,Mediatek
869,motorola,11999.0,4,64,1,512,6.2,0,HD,13, 8,4000,Mediatek
870,motorola,10999.0,4,64,1,512,6.2,0,HD,13, 8,4000,Mediatek
871,motorola,10999.0,4,64,0,256,6.51,0,HD,64, 13,5000,Qualcomm Sanpdragon
872,moto,15999.0,4,64,1,256,5.7,0,HD,12, 16,3000,other
874,motorola,9099.0,4,64,1,1024,6.5,0,HD,16, 8,5000,Mediatek
875,moto,21999.0,3,32,1,2048,5.2,0,HD,12, 16,3000,Qualcomm Sanpdragon
877,motorola,11249.0,4,64,1,512,6.5,0,HD,48, 8,5000,Qualcomm Sanpdragon
878,motorola,7990.0,4,64,1,1024,6.5,0,HD,16, 8,5000,Mediatek
880,moto,15622.0,2,16,0,256,4.7,0,HD,10, 2,2200,Qualcomm Sanpdragon
882,a70,2099.0,4,4,0,256,2.4,0,HD,0.3, 16,1750,other
883,motorola,13990.0,4,64,1,256,6.2,0,HD,16, 12,5000,Qualcomm Sanpdragon
884,moto,10999.0,3,32,1,128,6,0,HD,12, 5,5000,Qualcomm Sanpdragon
885,moto,14799.0,4,64,1,2048,5.2,0,HD,12, 16,3000,Qualcomm Sanpdragon
886,moto,23999.0,2,16,0,256,5.2,0,HD,13, 2,2300,Qualcomm Sanpdragon
887,moto,16999.0,4,32,1,128,5.2,0,HD,12, 5,3000,Qualcomm Sanpdragon
890,oppo,8499.0,3,64,1,2048,6.56,0,HD,8, 5,5000,Mediatek
891,oppo,32999.0,8,256,0,256,6.7,0,HD,64, 32,5000,Mediatek
894,oppo,37999.0,12,256,0,256,6.7,0,HD,50, 32,4600,Qualcomm Sanpdragon
895,oppo,9999.0,4,64,1,2048,6.56,0,HD,50, 5,5000,Mediatek
897,oppo,8890.0,3,64,1,2048,6.56,0,HD,8, 5,5000,Mediatek
898,oppo,18999.0,8,128,0,256,6.56,0,HD,50, 8,5000,other
900,oppo,12999.0,6,128,1,1024,6.72,0,HD,50, 8,5000,Mediatek
901,oppo,12999.0,6,128,1,1024,6.72,0,HD,50, 8,5000,Mediatek
902,oppo,22999.0,8,256,1,1024,6.72,0,HD,64, 32,5000,Qualcomm Sanpdragon
904,oppo,11499.0,4,128,0,256,6.56,0,HD,8, 5,5000,Mediatek
907,oppo,9999.0,4,64,0,256,6.56,0,HD,8, 5,5000,Mediatek
909,oppo,11999.0,4,128,1,1024,6.56,0,HD,50, 5,5000,Mediatek
910,oppo,15499.0,8,128,0,256,6.43,0,HD,50, 8,5000,Qualcomm Sanpdragon
913,oppo,54999.0,12,256,0,256,6.74,0,HD,50, 32,4700,Qualcomm Sanpdragon
915,oppo,11480.0,4,64,1,2048,6.56,0,HD,50, 5,5000,Mediatek
916,oppo,11990.0,4,64,1,1024,6.56,0,HD,50, 8,5000,Mediatek
917,oppo,13999.0,4,128,1,1024,6.56,0,HD,50, 8,5000,Mediatek
918,oppo,19990.0,8,128,1,1024,6.72,0,HD,Rear, 8,5000,Mediatek
920,oppo,94999.0,12,256,0,256,6.8,0,HD,50, 32,4300,Mediatek
921,oppo,17975.0,8,128,0,256,6.43,0,HD,64, 32,4500,other
922,oppo,12999.0,4,64,1,1024,6.56,0,HD,50, 8,5000,Mediatek
923,oppo,16990.0,8,128,0,256,6.59,0,HD,50, 16,5000,Qualcomm Sanpdragon
924,oppo,21890.0,8,128,0,256,6.43,0,HD,64, 32,4500,Qualcomm Sanpdragon
926,oppo,8850.0,3,32,0,256,6.52,0,HD,13, 16,4230,other
927,oppo,11898.0,4,64,1,1024,6.56,0,HD,13, 8,5000,Mediatek
928,oppo,29999.0,8,128,0,256,6.43,0,HD,50, 32,4500,Mediatek
929,oppo,29999.0,8,128,1,1024,6.7,0,HD,108, 32,4800,Qualcomm Sanpdragon
930,oppo,21999.0,8,128,0,256,6.43,0,HD,64, 32,4500,Qualcomm Sanpdragon
931,oppo,12599.0,4,64,1,1024,6.56,0,HD,13, 8,5000,Mediatek
933,oppo,15291.0,6,128,1,256,6.5,0,HD,13, 16,5000,Qualcomm Sanpdragon
934,oppo,13990.0,4,64,1,256,6.5,0,HD,13, 16,5000,Qualcomm Sanpdragon
935,oppo,13491.0,4,64,1,256,6.5,0,HD,13, 16,5000,Qualcomm Sanpdragon
936,oppo,10890.0,3,32,1,256,6.52,0,HD,13, 5,4230,Mediatek
937,oppo,19990.0,6,128,1,256,6.43,0,HD,48, 16,5000,Qualcomm Sanpdragon
938,oppo,10987.0,4,64,1,1024,6.56,0,HD,13, 8,5000,Mediatek
942,oppo,8299.0,3,64,1,1024,6.56,0,HD,8, 5,5000,Mediatek
943,oppo,14999.0,4,64,1,256,6.51,0,HD,50, 16,5000,Mediatek
944,oppo,17880.0,8,128,1,1024,6.43,0,HD,64, 32,4500,other
945,oppo,14990.0,4,128,1,256,6.51,0,HD,13, 16,5000,Mediatek
946,oppo,9999.0,3,32,1,1024,6.52,0,HD,13, 5,4230,Mediatek
947,oppo,89999.0,8,256,0,256,6.8,0,HD,50, 32,4300,Mediatek
948,oppo,8189.0,3,32,1,1024,6.52,0,HD,13, 5,4230,Mediatek
950,oppo,8870.0,3,32,1,1024,6.52,0,HD,13, 5,4230,Mediatek
951,oppo,8699.0,3,32,1,256,6.52,0,HD,13, 5,4230,Mediatek
952,oppo,12999.0,6,128,1,256,6.5,0,HD,13, 16,5000,Qualcomm Sanpdragon
953,oppo,11990.0,4,64,1,256,6.5,0,HD,13, 16,5000,Qualcomm Sanpdragon
954,oppo,18990.0,8,256,1,256,6.43,0,HD,48, 16,4310,Mediatek
956,oppo,15049.0,4,128,1,256,6.5,0,HD,12, 16,5000,Qualcomm Sanpdragon
957,oppo,17990.0,8,128,1,256,6.43,0,HD,48, 16,4310,Mediatek
958,oppo,12299.0,4,64,0,256,6.52,0,HD,13, 8,5000,Mediatek
959,oppo,27999.0,8,128,0,256,6.43,0,HD,64, 16,4500,other
960,oppo,16999.0,6,128,1,1024,6.56,0,HD,13, 8,5000,Mediatek
962,oppo,13990.0,4,128,1,256,6.51,0,HD,50, 16,5000,Mediatek
964,oppo,12977.0,4,64,1,256,6.51,0,HD,50, 16,5000,Mediatek
965,oppo,12591.0,4,64,1,256,6.51,0,HD,13, 16,5000,Mediatek
966,oppo,13890.0,4,64,1,256,6.51,0,HD,13, 16,5000,Mediatek
967,oppo,10490.0,3,32,1,256,6.5,0,HD,13, 8,5000,Qualcomm Sanpdragon
968,oppo,14999.0,4,128,1,1024,6.56,0,HD,13, 8,5000,Mediatek
970,oppo,17980.0,4,128,1,256,6.5,0,HD,12, 16,5000,Qualcomm Sanpdragon
971,oppo,25999.0,8,128,1,1024,6.56,0,HD,48, 8,5000,Mediatek
972,oppo,10990.0,4,64,1,256,6.22,0,HD,13, 5,4230,Mediatek
973,oppo,9990.0,3,32,1,256,6.22,0,HD,13, 5,4230,Mediatek
974,oppo,31999.0,8,128,0,256,6.55,0,HD,64, 32,4350,Mediatek
975,oppo,17999.0,8,128,1,1024,6.56,0,HD,48, 8,5000,Mediatek
976,oppo,11490.0,4,64,1,256,6.5,0,HD,12, 8,4230,Mediatek
977,oppo,12799.0,6,128,1,256,6.5,0,HD,12, 8,4230,Mediatek
978,oppo,12149.0,6,128,1,256,6.5,0,HD,12, 8,4230,Mediatek
979,oppo,13990.0,6,128,1,256,6.5,0,HD,13, 16,5000,Qualcomm Sanpdragon
981,oppo,20999.0,8,128,0,256,6.43,0,HD,16, 16,4500,other
982,oppo,10990.0,2,32,1,256,6.52,0,HD,13, 5,4230,Mediatek
984,oppo,13899.0,4,128,1,256,6.51,0,HD,50, 16,5000,Mediatek
985,oppo,16490.0,6,128,1,1024,6.56,0,HD,13, 8,5000,Qualcomm Sanpdragon
986,oppo,20990.0,8,128,1,256,6.5,0,HD,12, 16,5000,Qualcomm Sanpdragon
988,oppo,15990.0,4,64,0,256,6.5,0,HD,12, 8,5000,Qualcomm Sanpdragon
990,oppo,18990.0,8,256,0,256,6.43,0,HD,48, 16,4310,Mediatek
992,oppo,9999.0,4,64,1,1024,6.52,0,HD,13, 5,4230,Mediatek
993,oppo,29999.0,8,128,1,256,6.5,0,HD,48, 32,4000,Qualcomm Sanpdragon
994,oppo,9790.0,2,32,0,256,6.52,0,HD,13, 16,4230,other
996,oppo,34990.0,8,128,1,256,6.5,0,HD,48, 32,4000,Qualcomm Sanpdragon
997,oppo,8999.0,3,32,1,1024,6.52,0,HD,13, 5,4230,Mediatek
998,oppo,45999.0,12,256,0,256,6.7,0,HD,50, 32,4500,Mediatek
999,oppo,16970.0,6,128,1,256,6.5,0,HD,12, 16,5000,Qualcomm Sanpdragon
1000,oppo,16980.0,6,128,1,256,6.5,0,HD,12, 16,5000,Qualcomm Sanpdragon
1001,oppo,9999.0,4,64,1,1024,6.52,0,HD,13, 5,4230,Mediatek
1002,oppo,34000.0,8,256,1,256,6.4,0,HD,64, 44,4025,Mediatek
1003,oppo,9490.0,3,32,1,1024,6.52,0,HD,13, 5,4230,Mediatek
1004,oppo,31999.0,12,256,0,256,6.55,0,HD,64, 16,4500,other
1005,oppo,20980.0,4,128,1,256,6.4,0,HD,48, 16,4000,Mediatek
1006,oppo,17985.0,8,128,1,256,6.43,0,HD,48, 16,4310,Mediatek
1007,oppo,11850.0,4,64,0,256,6.52,0,HD,13, 8,5000,Mediatek
1008,oppo,25970.0,8,256,1,256,6.4,0,HD,64, 44,4025,Mediatek
1009,oppo,25800.0,8,256,1,256,6.4,0,HD,64, 44,4025,Mediatek
1010,oppo,32490.0,8,128,0,256,6.55,0,HD,64, 32,4350,Mediatek
1011,oppo,20990.0,4,128,1,256,6.4,0,HD,48, 16,4000,Mediatek
1012,oppo,36499.0,12,256,0,256,6.7,0,HD,50, 32,4500,Mediatek
1014,oppo,9981.0,2,32,1,256,6.1,0,HD,8, 5,4000,Mediatek
1016,oppo,8980.0,3,32,1,256,6.22,0,HD,13, 5,4230,Mediatek
1022,oppo,15490.0,6,128,1,256,6.51,0,HD,13, 16,5000,Mediatek
1025,oppo,8900.0,3,32,1,256,6.22,0,HD,13, 5,4230,Mediatek
1026,oppo,28999.0,8,256,1,1024,6.43,0,HD,64, 32,4500,Mediatek
1027,oppo,16999.0,8,128,1,1024,6.56,0,HD,50, 8,5000,Qualcomm Sanpdragon
1028,oppo,9990.0,2,16,1,256,6.2,0,HD,13, 8,4230,Qualcomm Sanpdragon
1029,oppo,14990.0,4,128,1,1024,6.56,0,HD,13, 8,5000,Mediatek
1031,oppo,37988.0,12,256,0,256,6.5,0,HD,50, 32,4500,Mediatek
1032,oppo,29990.0,8,128,0,256,6.43,0,HD,64, 32,4300,Mediatek
1033,oppo,15990.0,6,128,1,1024,6.52,0,HD,13, 8,5000,Mediatek
1034,oppo,17990.0,3,32,1,256,6,0,HD,13, 16,3200,other
1035,oppo,19990.0,6,256,0,256,6.5,0,HD,48, 16,4000,Mediatek
1036,oppo,17990.0,8,128,1,1024,6.52,0,HD,13, 8,5000,Mediatek
1039,oppo,15990.0,4,64,1,256,6.2,0,HD,13, 8,4230,Mediatek
1041,oppo,39990.0,12,256,0,256,6.55,0,HD,64, 32,4500,Mediatek
1042,oppo,12990.0,2,32,1,256,6.2,0,HD,13, 8,4230,Mediatek
1046,oppo,21990.0,4,64,1,256,6.3,0,HD,16, 16,3500,Mediatek
1047,oppo,19990.0,8,128,1,256,6.43,0,HD,48, 16,4015,Mediatek
1048,oppo,13999.0,6,64,1,256,6.41,0,HD,16, 25,3600,Qualcomm Sanpdragon
1049,oppo,13990.0,6,64,1,256,6.41,0,HD,16, 25,3600,Qualcomm Sanpdragon
1050,oppo,11499.0,6,64,1,256,6,0,HD,16, 20,3200,other
1051,oppo,11200.0,4,64,0,256,6.52,0,HD,13, 16,4230,other
1052,oppo,11999.0,4,64,0,256,6.52,0,HD,13, 16,4230,other
1053,oppo,11309.0,4,64,0,256,6.52,0,HD,13, 16,4230,other
1054,oppo,10432.0,4,128,0,256,6.52,0,HD,13, 16,4230,other
1055,oppo,18990.0,4,64,1,256,6.2,0,HD,13, 16,4230,Qualcomm Sanpdragon
1056,oppo,24990.0,6,64,1,256,6,0,HD,16, 20,3200,other
1057,oppo,16990.0,3,64,1,256,6.2,0,HD,13, 16,4230,Qualcomm Sanpdragon
1058,oppo,17999.0,8,128,0,256,6.43,0,HD,64, 16,4500,other
1059,oppo,16350.0,6,128,0,256,6.49,0,HD,48, 8,5000,other
1060,oppo,24990.0,6,128,1,256,6.5,0,HD,48, 16,4000,Mediatek
1061,oppo,41990.0,12,256,0,256,6.55,0,HD,64, 32,4500,Mediatek
1062,oppo,28990.0,8,128,0,256,6.5,0,HD,48, 16,4000,other
1064,oppo,18049.0,6,256,0,256,6.5,0,HD,48, 16,4000,Mediatek
1065,oppo,12999.0,4,64,1,256,6.2,0,HD,13, 8,4230,Mediatek
1067,oppo,13990.0,3,32,1,256,6.2,0,HD,13, 8,4230,other
1069,oppo,14790.0,3,32,1,256,6,0,HD,13, 16,3200,other
1070,oppo,16990.0,4,128,1,256,6.53,0,HD,16, 16,4020,other
1071,oppo,14990.0,3,64,0,256,6.5,0,HD,12, 8,5000,Qualcomm Sanpdragon
1072,oppo,15490.0,6,128,1,256,6.43,0,HD,48, 16,5000,Qualcomm Sanpdragon
1076,oppo,19990.0,6,128,1,256,6.43,0,HD,48, 16,5000,Qualcomm Sanpdragon
1077,oppo,20990.0,4,64,1,128,5.5,0,HD,13, 16,3200,other
1078,oppo,18300.0,3,32,1,128,5.5,0,HD,13, 16,3075,other
1079,oppo,18990.0,4,64,1,128,5.5,0,HD,13, 16,3075,other
1080,oppo,22990.0,4,64,1,256,6.23,0,HD,16, 25,3400,other
1082,oppo,10990.0,3,16,1,256,5.2,0,HD,13, 5,3000,Qualcomm Sanpdragon
1083,oppo,22990.0,8,128,0,256,6.44,0,HD,16, 16,4015,Qualcomm Sanpdragon
1084,oppo,41990.0,6,128,1,256,6.6,0,HD,48, 16,4065,Qualcomm Sanpdragon
1088,oppo,20990.0,4,64,1,128,5.5,0,HD,13, 16,3200,other
1091,oppo,21990.0,8,128,1,256,6.5,0,HD,48, 16,5000,Qualcomm Sanpdragon
1093,oppo,18990.0,4,128,1,256,6.52,0,HD,48, 16,5000,Qualcomm Sanpdragon
1094,oppo,18990.0,4,128,1,256,6.5,0,HD,48, 16,5000,Qualcomm Sanpdragon
1096,oppo,15499.0,4,64,1,256,6.56,0,HD,50, 16,5000,Mediatek
1097,oppo,13490.0,3,32,1,256,5.7,0,HD,13, 8,3180,other
1099,oppo,15999.0,4,128,1,256,6.53,0,HD,48, 16,4020,other
1100,oppo,12990.0,4,64,1,256,6.2,0,HD,13, 8,4230,Qualcomm Sanpdragon
1101,oppo,24990.0,1,16,0,256,5,0,HD,8, 5,2410,other
1102,oppo,21452.0,1,16,0,256,5,0,HD,8, 5,2410,other
1103,oppo,9990.0,2,16,1,128,5,0,HD,8, 5,2630,Qualcomm Sanpdragon
1104,oppo,16990.0,4,64,0,256,5.7,0,HD,13, 8,3180,other
1105,oppo,8990.0,2,32,1,256,6.22,0,HD,13, 5,4230,Mediatek
1106,oppo,17490.0,8,128,1,256,6.52,0,HD,48, 16,5000,Qualcomm Sanpdragon
1107,oppo,9999.0,3,16,1,256,5.2,0,HD,13, 5,3000,other
1108,oppo,25999.0,8,128,0,256,6.43,0,HD,50, 32,4500,Mediatek
1109,oppo,13990.0,4,64,1,256,6.51,0,HD,13, 16,5000,Mediatek
1110,oppo,12190.0,4,64,0,256,6.52,0,HD,13, 8,5000,Mediatek
1112,poco,6499.0,4,64,1,1024,6.71,0,HD,50, 5,5000,Mediatek
1113,poco,5499.0,4,64,1,1024,6.52,0,HD,8, 5,5000,Mediatek
1114,poco,5999.0,4,64,1,1024,6.52,0,HD,8, 5,5000,Mediatek
1116,poco,11999.0,6,128,1,1024,6.79,0,HD,50, 8,5000,Qualcomm Sanpdragon
1117,poco,7499.0,6,128,1,1024,6.71,0,HD,50, 5,5000,Mediatek
1119,poco,10999.0,4,128,1,1024,6.79,0,HD,50, 8,5000,Qualcomm Sanpdragon
1123,poco,6999.0,6,128,1,1024,6.52,0,HD,8, 5,5000,Mediatek
1126,poco,13499.0,8,256,1,1024,6.79,0,HD,50, 8,5000,Qualcomm Sanpdragon
1129,poco,13999.0,8,256,1,1024,6.67,0,HD,48, 13,5000,Qualcomm Sanpdragon
1131,poco,8499.0,4,128,1,1024,6.74,0,HD,50, 8,5000,Mediatek
1133,poco,16999.0,6,128,0,256,6.67,0,HD,108, 16,5000,Qualcomm Sanpdragon
1134,poco,11999.0,6,128,1,512,6.58,0,HD,50, 8,5000,Mediatek
1135,poco,9499.0,6,128,1,1024,6.74,0,HD,50, 8,5000,Mediatek
1137,poco,8999.0,6,128,1,512,6.58,0,HD,50, 8,5000,Mediatek
1139,poco,12999.0,6,128,1,1024,6.67,0,HD,48, 13,5000,Qualcomm Sanpdragon
1140,poco,10999.0,8,256,1,1024,6.74,0,HD,50, 8,5000,Mediatek
1145,poco,7999.0,4,64,1,512,6.58,0,HD,50, 8,5000,Mediatek
1146,poco,13999.0,8,128,1,1024,6.43,0,HD,64, 16,5000,Mediatek
1147,poco,26999.0,8,256,0,256,6.67,0,HD,64, 16,5000,Qualcomm Sanpdragon
1149,poco,22999.0,8,256,0,256,6.67,0,HD,108, 16,5000,Qualcomm Sanpdragon
1151,poco,30999.0,12,256,0,256,6.67,0,HD,64, 16,5000,Qualcomm Sanpdragon
1155,poco,18999.0,6,128,1,1024,6.67,0,HD,48, 13,5000,Qualcomm Sanpdragon
1157,poco,20999.0,8,256,1,1024,6.67,0,HD,48, 13,5000,Qualcomm Sanpdragon
1159,poco,14999.0,6,64,1,1024,6.43,0,HD,64, 16,5000,Mediatek
1160,poco,12580.0,4,64,1,1024,6.5,0,HD,48, 8,5000,Mediatek
1161,poco,10999.0,6,64,1,512,6.67,0,HD,48, 16,5000,Qualcomm Sanpdragon
1162,poco,12999.0,6,64,1,512,6.53,0,HD,48, 8,6000,Qualcomm Sanpdragon
1164,poco,10999.0,4,64,1,1024,6.79,0,HD,50, 8,5000,Qualcomm Sanpdragon
1165,poco,6599.0,3,32,1,512,6.53,0,HD,13, 5,5000,Mediatek
1166,poco,10480.0,6,64,1,512,6.67,0,HD,48, 16,5000,Qualcomm Sanpdragon
1167,poco,7299.0,3,32,1,512,6.52,0,HD,8, 5,5000,Mediatek
1168,poco,21999.0,8,128,1,1024,6.67,0,HD,64, 16,5000,Qualcomm Sanpdragon
1170,poco,23999.0,12,256,0,256,6.67,0,HD,64, 20,4500,Qualcomm Sanpdragon
1171,poco,14999.0,4,64,1,1024,6.6,0,HD,50, 16,5000,Mediatek
1173,poco,10480.0,4,64,1,512,6.67,0,HD,48, 16,5000,Qualcomm Sanpdragon
1174,poco,12999.0,4,64,1,512,6.58,0,HD,50, 8,5000,Mediatek
1175,poco,9499.0,4,64,1,512,6.53,0,HD,13, 5,5000,Mediatek
1177,poco,18999.0,6,64,1,1024,6.67,0,HD,64, 16,5000,Qualcomm Sanpdragon
1178,poco,6499.0,2,32,1,512,6.52,0,HD,8, 5,5000,Mediatek
1179,poco,9499.0,4,64,1,512,6.53,0,HD,13, 5,5000,Mediatek
1182,poco,16499.0,6,128,1,1024,6.43,0,HD,64, 16,5000,Mediatek
1183,poco,9990.0,6,64,1,512,6.53,0,HD,48, 8,6000,Qualcomm Sanpdragon
1185,poco,8499.0,3,32,1,512,6.53,0,HD,13, 5,5000,Mediatek
1186,poco,17999.0,6,128,1,1024,6.5,0,HD,48, 8,5000,Mediatek
1192,poco,9999.0,4,64,1,512,6.53,0,HD,48, 8,6000,Qualcomm Sanpdragon
1193,poco,11580.0,4,64,1,512,6.67,0,HD,48, 16,5000,Qualcomm Sanpdragon
1196,poco,10799.0,6,64,1,512,6.53,0,HD,13, 8,5000,Mediatek
1197,poco,19999.0,6,128,1,1024,6.67,0,HD,64, 16,5000,Qualcomm Sanpdragon
1198,poco,9490.0,4,64,1,512,6.53,0,HD,48, 8,6000,Qualcomm Sanpdragon
1199,poco,13990.0,4,64,1,1024,6.6,0,HD,50, 16,5000,Mediatek
1201,poco,21999.0,6,64,1,256,6.18,0,HD,12, 20,4000,Qualcomm Sanpdragon
1204,poco,11990.0,4,64,1,1024,6.5,0,HD,48, 8,5000,Mediatek
1205,poco,5999.0,3,32,1,512,6.53,0,HD,13, 5,5000,Mediatek
1206,poco,19999.0,6,128,1,512,6.67,0,HD,48, 16,5000,Qualcomm Sanpdragon
1208,poco,23999.0,6,128,1,1024,6.67,0,HD,48, 20,5160,Qualcomm Sanpdragon
1209,poco,10499.0,4,128,1,1024,6.74,0,HD,50, 16,5000,Mediatek
1212,poco,18999.0,8,128,1,1024,6.6,0,HD,50, 16,5000,Mediatek
1213,poco,13990.0,6,64,1,256,6.18,0,HD,12, 20,4000,Qualcomm Sanpdragon
1215,poco,7490.0,4,64,1,512,6.53,0,HD,13, 5,5000,Mediatek
1216,poco,11990.0,6,64,1,512,6.67,0,HD,48, 16,5000,Qualcomm Sanpdragon
1218,poco,19999.0,6,64,1,512,6.67,0,HD,64, 20,6000,Qualcomm Sanpdragon
1219,poco,9990.0,6,64,1,512,6.53,0,HD,13, 8,5000,Mediatek
1220,poco,6490.0,3,32,1,512,6.53,0,HD,13, 5,5000,Mediatek
1221,poco,11990.0,4,64,1,512,6.67,0,HD,48, 16,5000,Qualcomm Sanpdragon
1225,poco,17999.0,8,128,1,1024,6.43,0,HD,64, 16,5000,Mediatek
1228,poco,14323.0,6,128,0,256,6.18,0,HD,12, 16,4000,other
1229,poco,12790.0,6,128,1,512,6.53,0,HD,13, 8,5000,Mediatek
1230,poco,11480.0,6,128,1,512,6.53,0,HD,13, 8,5000,Mediatek
1232,poco,17999.0,6,64,1,512,6.67,0,HD,64, 20,4500,Qualcomm Sanpdragon
1233,poco,28490.0,8,128,0,256,6.67,0,HD,64, 20,4500,Qualcomm Sanpdragon
1235,poco,17999.0,6,128,1,1024,6.67,0,HD,48, 20,5160,Qualcomm Sanpdragon
1236,poco,11499.0,6,128,1,1024,6.74,0,HD,50, 16,5000,Mediatek
1238,poco,11490.0,6,64,1,512,6.53,0,HD,13, 8,5000,Mediatek
1239,poco,13499.0,8,256,1,1024,6.74,0,HD,50, 16,5000,Mediatek
1245,poco,20999.0,8,256,1,512,6.67,0,HD,64, 20,4500,Qualcomm Sanpdragon
1249,poco,14999.0,6,128,1,512,6.53,0,HD,48, 8,6000,Qualcomm Sanpdragon
1251,poco,27999.0,6,128,0,256,6.67,0,HD,64, 20,4500,Qualcomm Sanpdragon
1255,poco,25999.0,8,128,1,1024,6.67,0,HD,48, 20,5160,Qualcomm Sanpdragon
1257,poco,8999.0,4,64,1,512,6.53,0,HD,13, 5,5000,Mediatek
1258,poco,32999.0,6,128,0,256,6.67,0,HD,64, 16,5065,Mediatek
1259,poco,18999.0,6,128,1,512,6.67,0,HD,64, 20,6000,Qualcomm Sanpdragon
1260,poco,17990.0,8,128,1,512,6.67,0,HD,64, 20,6000,Qualcomm Sanpdragon
1261,poco,32999.0,8,256,0,256,6.67,0,HD,64, 16,5065,Mediatek
1262,poco,17990.0,6,128,1,1024,6.67,0,HD,48, 20,5160,Qualcomm Sanpdragon
1263,poco,10990.0,6,128,1,512,6.53,0,HD,48, 8,6000,Qualcomm Sanpdragon
1264,poco,16990.0,6,128,1,512,6.67,0,HD,64, 20,6000,Qualcomm Sanpdragon
1265,poco,10999.0,3,32,1,512,6.53,0,HD,13, 5,5000,Mediatek
1267,poco,8990.0,4,64,1,512,6.53,0,HD,13, 8,5000,Mediatek
1269,poco,13695.0,6,128,0,256,6.18,0,HD,12, 20,4000,other
1270,poco,16999.0,6,128,1,1024,6.6,0,HD,50, 16,5000,Mediatek
1271,poco,21998.0,8,128,1,512,6.67,0,HD,64, 20,6000,Qualcomm Sanpdragon
1272,poco,30990.0,8,256,1,256,6.18,0,HD,12, 20,4000,Qualcomm Sanpdragon
1274,poco,18999.0,6,128,1,512,6.67,0,HD,64, 20,4500,Qualcomm Sanpdragon
1280,realme,15999.0,8,128,1,2048,6.72,0,HD,64, 8,5000,Mediatek
1281,realme,14999.0,6,128,1,2048,6.72,0,HD,64, 8,5000,Mediatek
1283,realme,25999.0,8,256,0,256,6.7,0,HD,200, 32,5000,Mediatek
1286,realme,13999.0,6,64,1,1024,6.72,0,HD,64, 8,5000,Mediatek
1287,realme,8499.0,4,64,1,1024,6.72,0,HD,64, 8,5000,Mediatek
1289,realme,8999.0,4,64,1,2048,6.74,0,HD,50, 5,5000,other
1290,realme,13999.0,8,128,1,1024,6.72,0,HD,64, 8,5000,Mediatek
1293,realme,11999.0,6,64,1,1024,6.72,0,HD,64, 8,5000,Mediatek
1295,realme,27999.0,12,256,0,256,6.7,0,HD,100, 16,5000,Mediatek
1299,realme,9499.0,4,128,1,2048,6.74,0,HD,50, 5,5000,other
1300,realme,10999.0,6,128,1,2048,6.74,0,HD,108, 8,5000,other
1301,realme,9999.0,6,64,1,2048,6.74,0,HD,108, 8,5000,other
1302,realme,9999.0,4,128,1,2048,6.74,0,HD,108, 8,5000,other
1307,realme,18999.0,8,256,1,2048,6.72,0,HD,108, 16,5000,Mediatek
1308,realme,21999.0,8,128,0,256,6.7,0,HD,100, 16,5000,Mediatek
1309,realme,16999.0,8,128,1,2048,6.72,0,HD,108, 16,5000,Mediatek
1310,realme,29999.0,12,256,0,256,6.7,0,HD,200, 32,5000,Mediatek
1314,realme,24999.0,8,256,0,256,6.7,0,HD,100, 16,5000,Mediatek
1321,realme,10690.0,6,128,0,256,6.74,0,HD,50, 16,5000,other
1322,realme,10258.0,6,128,0,256,6.74,0,HD,50, 16,5000,other
1323,realme,13978.0,4,128,0,256,6.72,0,HD,50, 16,5000,other
1324,realme,10850.0,6,128,0,256,6.72,0,HD,64, 16,5000,other
1325,realme,10190.0,4,64,0,256,6.72,0,HD,64, 16,5000,other
1326,realme,10069.0,4,64,0,256,6.72,0,HD,64, 16,5000,other
1327,realme,10739.0,6,128,0,256,6.72,0,HD,64, 16,5000,other
1328,realme,9999.0,4,64,1,1024,6.4,0,HD,50, 16,5000,Mediatek
1329,realme,10759.0,8,128,0,256,6.74,0,HD,50, 16,5000,other
1330,realme,10788.0,8,128,0,256,6.74,0,HD,50, 16,5000,other
1331,realme,8864.0,4,64,0,256,6.74,0,HD,50, 16,5000,other
1332,realme,8879.0,4,64,0,256,6.74,0,HD,50, 16,5000,other
1333,realme,14588.0,6,128,0,256,6.72,0,HD,50, 16,5000,other
1334,realme,14253.0,6,128,0,256,6.72,0,HD,50, 16,5000,other
1335,realme,9148.0,4,64,0,256,6.74,0,HD,50, 16,5000,other
1336,realme,14999.0,6,128,1,2048,6.72,0,HD,50, 8,5000,Mediatek
1337,realme,13999.0,4,128,1,2048,6.72,0,HD,50, 8,5000,Mediatek
1340,realme,23999.0,8,128,0,256,6.43,0,HD,64, 16,4500,Qualcomm Sanpdragon
1341,realme,20899.0,8,256,0,256,6.43,0,HD,64, 16,5000,other
1342,realme,17485.0,8,128,0,256,6.43,0,HD,64, 16,5000,other
1343,realme,17517.0,8,128,0,256,6.43,0,HD,64, 16,5000,other
1344,realme,10980.0,4,64,1,256,6.6,0,HD,50, 16,5000,Mediatek
1345,realme,7828.0,4,64,0,256,6.5,0,HD,8, 5,5000,other
1346,realme,12979.0,4,128,0,256,6.72,0,HD,50, 16,5000,other
1347,realme,10699.0,4,128,1,1024,6.6,0,HD,50, 8,5000,other
1348,realme,9699.0,4,64,1,1024,6.6,0,HD,50, 8,5000,other
1349,realme,25976.0,12,256,0,256,6.7,0,HD,100, 16,5000,other
1350,realme,27997.0,12,256,0,256,6.7,0,HD,100, 16,5000,other
1351,realme,19964.0,8,256,0,256,6.43,0,HD,64, 16,5000,other
1352,realme,8379.0,4,64,0,256,6.5,0,HD,8, 5,5000,other
1355,realme,24999.0,6,128,0,256,6.7,0,HD,108, 16,5000,Mediatek
1356,realme,13247.0,6,128,1,256,6.6,0,HD,50, 16,5000,Mediatek
1357,realme,7499.0,2,32,1,256,6.5,0,HD,8, 5,5000,Mediatek
1361,realme,25999.0,8,128,0,256,6.7,0,HD,108, 16,5000,Mediatek
1362,realme,9998.0,4,64,1,256,6.5,0,HD,50, 8,6000,Mediatek
1364,realme,7999.0,3,32,0,256,6.5,0,HD,8, 16,5000,other
1365,realme,14999.0,4,64,1,1024,6.6,0,HD,50, 8,5000,Mediatek
1368,realme,12999.0,8,128,1,1024,6.4,0,HD,50, 16,5000,Mediatek
1371,realme,6999.0,2,32,1,1024,6.5,0,HD,8, 5,5000,other
1372,realme,8499.0,4,64,1,1024,6.5,0,HD,8, 5,5000,other
1374,realme,21999.0,8,128,0,256,6.7,0,HD,50, 32,5000,Qualcomm Sanpdragon
1376,realme,10300.0,4,64,1,256,6.5,0,HD,50, 8,6000,Mediatek
1377,realme,10499.0,4,128,1,256,6.5,0,HD,50, 8,6000,Mediatek
1378,realme,10319.0,4,128,1,256,6.5,0,HD,50, 8,6000,Mediatek
1379,realme,20999.0,6,128,1,256,6.6,0,HD,64, 16,4300,Qualcomm Sanpdragon
1380,realme,8989.0,4,64,1,256,6.5,0,HD,8, 5,5000,other
1381,realme,8698.0,3,32,1,256,6.51,0,HD,13, 8,6000,Mediatek
1383,realme,9999.0,4,64,1,256,6.5,0,HD,12, 8,5000,Qualcomm Sanpdragon
1384,realme,13999.0,4,64,1,1024,6.5,0,HD,48, 16,5000,Mediatek
1385,realme,9450.0,4,64,1,256,6.51,0,HD,13, 8,6000,Mediatek
1386,realme,36999.0,12,256,0,256,6.7,0,HD,50, 16,4500,Mediatek
1387,realme,11999.0,4,64,1,1024,6.6,0,HD,50, 16,5000,Qualcomm Sanpdragon
1388,realme,11929.0,6,128,1,256,6.6,0,HD,50, 16,5000,Mediatek
1389,realme,9990.0,4,64,1,256,6.6,0,HD,50, 16,5000,Mediatek
1390,realme,11999.0,4,128,1,256,6.5,0,HD,48, 16,5000,Mediatek
1391,realme,8999.0,3,32,1,256,6.5,0,HD,12, 8,5000,Qualcomm Sanpdragon
1392,realme,12599.0,4,64,1,256,6.6,0,HD,50, 16,5000,Mediatek
1393,realme,31999.0,8,128,0,256,6.62,0,HD,64, 16,5000,Qualcomm Sanpdragon
1394,realme,13999.0,4,128,1,256,6.52,0,HD,48, 8,6000,Mediatek
1395,realme,9999.0,4,64,1,1024,6.5,0,HD,50, 5,5000,other
1397,realme,8999.0,3,32,1,1024,6.5,0,HD,50, 5,5000,other
1398,realme,6999.0,2,16,1,256,6.1,0,HD,13, 5,4000,Mediatek
1399,realme,29999.0,6,128,0,256,6.62,0,HD,64, 16,5000,Qualcomm Sanpdragon
1400,realme,11999.0,4,64,1,256,6.5,0,HD,12, 8,5000,Qualcomm Sanpdragon
1402,realme,33999.0,8,256,0,256,6.62,0,HD,64, 16,5000,Qualcomm Sanpdragon
1404,realme,10499.0,4,64,1,256,6.22,0,HD,13, 13,4230,Mediatek
1406,realme,10999.0,4,128,0,256,6.5,0,HD,50, 8,5000,other
1407,realme,8499.0,3,32,1,256,6.22,0,HD,13, 13,4230,Mediatek
1408,realme,8990.0,2,16,1,256,6.2,0,HD,13, 5,4230,Qualcomm Sanpdragon
1409,realme,10499.0,4,64,1,256,6.52,0,HD,48, 8,6000,Mediatek
1410,realme,38999.0,8,256,0,256,6.7,0,HD,50, 16,5000,Mediatek
1411,realme,11499.0,4,128,1,256,6.52,0,HD,48, 8,6000,Mediatek
1412,realme,15999.0,4,64,1,1024,6.5,0,HD,48, 16,5000,Mediatek
1413,realme,8199.0,4,64,1,1024,6.5,0,HD,8, 5,5000,other
1415,realme,15664.0,6,64,1,256,6.5,0,HD,64, 16,5000,Mediatek
1416,realme,14999.0,6,64,1,256,6.5,0,HD,48, 16,4500,Mediatek
1417,realme,17890.0,6,128,0,256,6.6,0,HD,48, 16,5000,other
1418,realme,17899.0,6,128,0,256,6.6,0,HD,48, 16,5000,other
1421,realme,19999.0,6,128,0,256,6.43,0,HD,64, 16,4310,Mediatek
1424,realme,10998.0,4,64,1,256,6.5,0,HD,12, 13,5000,Qualcomm Sanpdragon
1430,realme,12999.0,4,128,1,256,6.5,0,HD,12, 13,5000,Qualcomm Sanpdragon
1432,realme,20999.0,8,128,0,256,6.53,0,HD,48, 16,3765,Qualcomm Sanpdragon
1433,realme,17999.0,6,64,1,256,6.5,0,HD,64, 16,5000,Mediatek
1434,realme,16999.0,6,128,1,1024,6.5,0,HD,48, 16,5000,Mediatek
1435,realme,11690.0,6,128,1,256,6.6,0,HD,50, 16,5000,Mediatek
1436,realme,17999.0,4,128,0,256,6.53,0,HD,48, 16,3765,Qualcomm Sanpdragon
1437,realme,10999.0,3,32,1,256,6.5,0,HD,12, 13,5000,Qualcomm Sanpdragon
1439,realme,10390.0,4,64,1,256,6.6,0,HD,50, 16,5000,Mediatek
1441,realme,15999.0,6,64,1,256,6.5,0,HD,48, 16,4300,Mediatek
1442,realme,7009.0,3,32,0,256,6.5,0,HD,8, 5,5000,other
1443,realme,15999.0,6,128,1,256,6.5,0,HD,64, 16,4300,Mediatek
1444,realme,8999.0,4,64,1,256,6.5,0,HD,13, 8,6000,Mediatek
1445,realme,6799.0,2,32,1,256,6.5,0,HD,8, 5,5000,other
1446,realme,5999.0,2,32,1,1024,6.5,0,HD,8, 5,5000,other
1447,realme,6870.0,2,32,1,256,6.5,0,HD,8, 5,5000,other
1449,realme,9999.0,4,128,1,256,6.5,0,HD,13, 8,6000,Mediatek
1453,realme,8999.0,2,32,1,256,6.2,0,HD,13, 5,4230,Qualcomm Sanpdragon
1455,realme,13499.0,4,128,1,1024,6.6,0,HD,50, 16,5000,Qualcomm Sanpdragon
1456,realme,14499.0,6,128,1,1024,6.6,0,HD,50, 16,5000,Qualcomm Sanpdragon
1459,realme,9999.0,3,32,1,256,6.2,0,HD,13, 5,4230,Qualcomm Sanpdragon
1462,realme,19674.0,8,128,0,256,6.5,0,HD,64, 16,4000,Qualcomm Sanpdragon
1463,realme,10499.0,4,128,1,1024,6.5,0,HD,50, 5,5000,other
1465,realme,14999.0,4,64,0,256,6.6,0,HD,48, 16,5000,other
1466,realme,16999.0,8,128,1,256,6.5,0,HD,48, 16,4500,Mediatek
1467,realme,15499.0,6,128,1,1024,6.5,0,HD,48, 16,5000,Mediatek
1471,realme,11999.0,4,64,1,256,6.5,0,HD,48, 16,5000,Mediatek
1472,realme,25999.0,8,256,0,256,6.43,0,HD,64, 32,4300,Qualcomm Sanpdragon
1474,realme,10998.0,4,64,1,256,6.5,0,HD,48, 16,5000,Mediatek
1475,realme,11999.0,6,64,1,256,6.5,0,HD,48, 16,5000,Mediatek
1476,realme,16499.0,4,128,1,1024,6.5,0,HD,48, 16,5000,Mediatek
1480,realme,24999.0,8,128,0,256,6.62,0,HD,50, 16,5000,Qualcomm Sanpdragon
1482,realme,19999.0,6,64,0,256,6.5,0,HD,64, 16,4000,Qualcomm Sanpdragon
1483,realme,28999.0,12,256,0,256,6.62,0,HD,50, 16,5000,Qualcomm Sanpdragon
1486,realme,23999.0,8,128,0,256,6.43,0,HD,64, 32,4300,Qualcomm Sanpdragon
1489,realme,15999.0,8,128,1,256,6.5,0,HD,48, 16,5000,Mediatek
1490,realme,29999.0,8,128,0,256,6.57,0,HD,64, 32,4200,Qualcomm Sanpdragon
1491,realme,18499.0,8,128,1,1024,6.5,0,HD,48, 16,5000,Mediatek
1492,realme,15499.0,4,64,1,1024,6.5,0,HD,48, 16,5000,Mediatek
1494,realme,21999.0,6,128,0,256,6.43,0,HD,64, 32,4300,Qualcomm Sanpdragon
1496,realme,36999.0,12,256,0,256,6.7,0,HD,50, 16,4500,Mediatek
1497,realme,7999.0,2,32,1,256,6.1,0,HD,13, 5,4000,Mediatek
1500,realme,7499.0,2,32,1,1024,6.5,0,HD,8, 5,5000,other
1501,realme,9999.0,4,64,1,1024,6.5,0,HD,50, 5,5000,other
1503,realme,8499.0,3,32,1,256,6.22,0,HD,13, 13,4230,Mediatek
1504,realme,11490.0,4,128,1,256,6.5,0,HD,13, 8,6000,Mediatek
1506,realme,8999.0,3,32,1,256,6.1,0,HD,13, 5,4000,Mediatek
1508,realme,10499.0,4,64,1,256,6.22,0,HD,13, 13,4230,Mediatek
1514,realme,14499.0,6,128,1,256,6.4,0,HD,64, 16,5000,Mediatek
1515,realme,14049.0,6,64,1,256,6.5,0,HD,48, 16,4300,Mediatek
1518,realme,9777.0,4,64,1,256,6.51,0,HD,13, 8,6000,Mediatek
1519,realme,9499.0,3,64,1,256,6.22,0,HD,13, 13,4230,Mediatek
1520,realme,16999.0,6,128,1,256,6.5,0,HD,48, 16,5000,Mediatek
1521,realme,29999.0,8,128,0,256,6.55,0,HD,64, 32,4500,Mediatek
1522,realme,13499.0,4,128,1,256,6.4,0,HD,64, 16,5000,Mediatek
1524,realme,20999.0,8,128,0,256,6.43,0,HD,64, 16,4310,Mediatek
1525,realme,11999.0,3,32,1,256,6.52,0,HD,13, 8,6000,Qualcomm Sanpdragon
1528,realme,9999.0,3,32,1,256,6.52,0,HD,13, 8,6000,Mediatek
1531,realme,11999.0,4,64,1,256,6.52,0,HD,13, 8,6000,Mediatek
1532,realme,7999.0,4,64,1,256,6.5,0,HD,8, 5,5000,other
1536,realme,10999.0,4,64,1,256,6.5,0,HD,48, 16,5000,Mediatek
1538,realme,27999.0,8,128,0,256,6.4,0,HD,48, 16,5000,Mediatek
1540,realme,8999.0,4,64,1,256,6.52,0,HD,12, 5,5000,Mediatek
1542,realme,14999.0,4,64,1,1024,6.5,0,HD,48, 16,5000,Mediatek
1543,realme,21999.0,8,128,1,256,6.4,0,HD,64, 32,4500,Qualcomm Sanpdragon
1545,realme,8999.0,3,32,1,256,6.52,0,HD,12, 5,5000,Mediatek
1547,realme,19999.0,6,128,1,256,6.4,0,HD,64, 32,4500,Qualcomm Sanpdragon
1554,realme,20990.0,8,128,0,256,6.4,0,HD,48, 16,5000,Mediatek
1560,realme,7499.0,2,32,1,256,6.5,0,HD,8, 5,5000,other
1561,realme,9990.0,4,64,1,256,6.5,0,HD,48, 13,5000,Qualcomm Sanpdragon
1563,realme,15990.0,6,64,1,256,6.5,0,HD,48, 16,5000,Mediatek
1564,realme,5549.0,2,32,1,1024,6.5,0,HD,8, 5,5000,other
1569,realme,11499.0,4,128,0,256,6.6,0,HD,50, 16,5000,other
1570,realme,15499.0,8,128,1,256,6.4,0,HD,64, 16,5000,Mediatek
1574,realme,18999.0,8,128,0,256,6.6,0,HD,48, 16,5000,other
1576,realme,17999.0,8,128,1,256,6.3,0,HD,48, 16,4035,Qualcomm Sanpdragon
1581,realme,15999.0,6,64,1,256,6.3,0,HD,48, 16,4035,Qualcomm Sanpdragon
1583,realme,19990.0,8,128,1,256,6.4,0,HD,64, 16,4000,Qualcomm Sanpdragon
1586,realme,31999.0,8,128,0,256,6.62,0,HD,64, 16,5000,Qualcomm Sanpdragon
1590,realme,8999.0,4,64,1,256,6.5,0,HD,8, 5,5000,other
1591,realme,14999.0,4,64,1,256,6.3,0,HD,48, 16,4035,Qualcomm Sanpdragon
1592,realme,29999.0,12,256,0,256,6.43,0,HD,64, 16,4500,Mediatek
1594,realme,12990.0,4,128,1,256,6.5,0,HD,64, 16,5000,Qualcomm Sanpdragon
1596,realme,16999.0,8,128,1,256,6.5,0,HD,64, 16,4300,Mediatek
1597,realme,18999.0,6,128,1,1024,6.72,0,HD,108, 16,5000,Qualcomm Sanpdragon
1598,realme,30999.0,8,128,0,256,6.7,0,HD,50, 16,5000,Mediatek
1599,realme,26999.0,8,128,0,256,6.43,0,HD,64, 16,4500,Mediatek
1601,realme,18999.0,6,128,0,256,6.4,0,HD,50, 16,4500,Mediatek
1602,realme,10490.0,3,32,1,256,6.5,0,HD,12, 8,5000,Qualcomm Sanpdragon
1604,realme,24990.0,12,256,0,256,6.5,0,HD,64, 16,4000,Qualcomm Sanpdragon
1605,realme,19999.0,8,128,1,1024,6.72,0,HD,108, 16,5000,Qualcomm Sanpdragon
1606,realme,9299.0,3,32,1,1024,6.5,0,HD,8, 5,5000,other
1610,realme,20999.0,8,128,0,256,6.4,0,HD,50, 16,4500,Mediatek
1613,realme,31999.0,8,256,0,256,6.4,0,HD,50, 16,4500,Mediatek
1617,realme,7999.0,2,32,1,1024,6.5,0,HD,8, 5,5000,other
1618,realme,14999.0,6,128,1,1024,6.6,0,HD,48, 16,5000,Qualcomm Sanpdragon
1620,realme,17999.0,8,128,1,1024,6.6,0,HD,48, 16,5000,Qualcomm Sanpdragon
1621,realme,18490.0,8,128,1,256,6.5,0,HD,64, 16,5000,Mediatek
1623,realme,16490.0,4,128,0,256,6.6,0,HD,48, 16,5000,other
1625,realme,6049.0,3,32,1,1024,6.5,0,HD,8, 5,5000,other
1626,realme,19999.0,8,128,1,256,6.4,0,HD,108, 16,4500,Qualcomm Sanpdragon
1628,realme,10990.0,4,64,0,256,6.2,0,HD,13, 16,4230,other
1629,realme,10499.0,4,64,1,256,6.5,0,HD,13, 5,5000,Mediatek
1630,realme,9490.0,3,32,1,256,6.22,0,HD,13, 13,4230,Mediatek
1631,realme,10999.0,3,32,1,256,6.52,0,HD,13, 5,6000,Mediatek
1632,realme,8490.0,3,32,1,256,6.1,0,HD,13, 5,4000,Mediatek
1634,realme,47999.0,12,256,0,256,6.44,0,HD,64, 32,4200,other
1635,realme,9990.0,3,64,1,256,6.22,0,HD,13, 13,4230,Mediatek
1636,realme,17999.0,6,128,1,256,6.4,0,HD,108, 16,4500,Qualcomm Sanpdragon
1637,realme,35999.0,12,256,0,256,6.62,0,HD,64, 16,5000,Qualcomm Sanpdragon
1641,realme,9499.0,3,32,1,256,6.5,0,HD,13, 5,5000,Mediatek
1644,realme,9499.0,4,64,1,256,6.52,0,HD,12, 5,5000,Mediatek
1645,realme,10999.0,4,64,1,256,6.52,0,HD,13, 5,6000,Mediatek
1647,realme,9999.0,4,64,1,256,6.52,0,HD,13, 5,6000,Mediatek
1651,realme,8999.0,4,64,1,256,6.5,0,HD,50, 8,5000,other
1652,realme,9990.0,3,32,1,256,6.2,0,HD,13, 8,4230,Qualcomm Sanpdragon
1653,realme,8990.0,4,64,1,256,6.52,0,HD,12, 5,5000,Mediatek
1654,realme,10990.0,4,64,1,256,6.52,0,HD,13, 8,6000,Qualcomm Sanpdragon
1655,realme,17999.0,8,128,1,256,6.4,0,HD,108, 16,5000,Qualcomm Sanpdragon
1657,realme,15290.0,4,128,0,256,6.6,0,HD,48, 16,5000,other
1658,realme,19390.0,6,128,1,1024,6.5,0,HD,64, 16,5000,Mediatek
1662,realme,8490.0,3,32,1,256,6.52,0,HD,12, 5,5000,Mediatek
1671,realme,13990.0,4,64,1,256,6.3,0,HD,48, 16,4035,Qualcomm Sanpdragon
1673,realme,16999.0,6,128,1,256,6.4,0,HD,108, 16,5000,Qualcomm Sanpdragon
1681,realme,30990.0,8,128,0,256,6.44,0,HD,64, 32,4200,other
1682,realme,17999.0,6,64,1,256,6.6,0,HD,64, 16,4300,Qualcomm Sanpdragon
1684,realme,8749.0,4,64,1,1024,6.52,0,HD,13, 5,5000,other
1685,realme,8049.0,3,32,1,1024,6.52,0,HD,13, 5,5000,other
1688,realme,10999.0,4,128,1,256,6.5,0,HD,13, 8,6000,Mediatek
1690,realme,9999.0,4,64,1,256,6.5,0,HD,13, 8,6000,Mediatek
1691,realme,9999.0,4,128,1,256,6.5,0,HD,50, 8,5000,other
1694,realme,47999.0,12,256,0,256,6.44,0,HD,64, 32,4200,other
1695,realme,13990.0,6,64,1,256,6.3,0,HD,16, 16,3500,Qualcomm Sanpdragon
1696,realme,13990.0,4,64,1,256,6.3,0,HD,16, 16,3500,Qualcomm Sanpdragon
1697,realme,15990.0,6,64,1,256,6.3,0,HD,16, 16,3500,Qualcomm Sanpdragon
1698,realme,8999.0,2,32,1,256,6.5,0,HD,13, 5,5000,Mediatek
1699,realme,10999.0,4,64,0,256,6.52,0,HD,12, 8,5000,Qualcomm Sanpdragon
1700,realme,18999.0,8,128,0,256,6.4,0,HD,64, 32,4000,Qualcomm Sanpdragon
1702,realme,11999.0,4,128,0,256,6.52,0,HD,12, 8,5000,Qualcomm Sanpdragon
1705,realme,15499.0,6,64,1,256,6.5,0,HD,64, 16,4300,Mediatek
1706,realme,17999.0,6,128,0,256,6.4,0,HD,64, 32,4000,Qualcomm Sanpdragon
1707,realme,15999.0,4,64,0,256,6.4,0,HD,64, 32,4000,Qualcomm Sanpdragon
1718,realme,13499.0,6,128,1,256,6.6,0,HD,50, 16,5000,Mediatek
1720,realme,11499.0,4,64,1,256,6.6,0,HD,50, 16,5000,Mediatek
1722,realme,12999.0,6,64,1,256,6.6,0,HD,64, 16,4300,Qualcomm Sanpdragon
1724,realme,12490.0,4,64,1,256,6.3,0,HD,16, 16,3500,Qualcomm Sanpdragon
1725,realme,15499.0,6,128,0,256,6.72,0,HD,50, 8,5000,Mediatek
1726,redmi,6999.0,4,64,1,1024,6.71,0,HD,50, 5,5000,Mediatek
1727,redmi,9499.0,4,128,1,1024,6.79,0,HD,50, 8,5000,Mediatek
1729,redmi,10999.0,6,128,1,1024,6.79,0,HD,50, 8,5000,Mediatek
1733,redmi,13773.0,6,128,0,256,6.79,0,HD,50, 16,5000,other
1734,redmi,13319.0,6,128,0,256,6.79,0,HD,50, 16,5000,other
1735,redmi,13700.0,6,128,0,256,6.79,0,HD,50, 16,5000,other
1736,redmi,13175.0,4,128,0,256,6.79,0,HD,50, 16,5000,other
1737,redmi,5499.0,2,64,1,1024,6.52,0,HD,8, 5,5000,Mediatek
1738,redmi,27999.0,8,256,0,256,6.67,0,HD,200, 16,4980,Mediatek
1741,redmi,15679.0,8,256,0,256,6.79,0,HD,50, 16,5000,other
1742,redmi,15448.0,8,256,0,256,6.79,0,HD,50, 16,5000,other
1743,redmi,21999.0,6,128,0,256,6.67,0,HD,50, 16,5000,Mediatek
1745,redmi,16999.0,6,128,1,1024,6.67,0,HD,48, 13,5000,Qualcomm Sanpdragon
1747,redmi,11999.0,6,64,1,1024,6.67,0,HD,50, 13,5000,Qualcomm Sanpdragon
1748,redmi,12844.0,4,128,0,256,6.79,0,HD,50, 16,5000,other
1749,redmi,10796.0,8,256,0,256,6.74,0,HD,50, 16,5000,other
1750,redmi,15412.0,8,256,0,256,6.74,0,HD,50, 16,5000,other
1751,redmi,8949.0,4,128,0,256,6.74,0,HD,50, 16,5000,other
1753,redmi,13469.0,6,128,0,256,6.74,0,HD,50, 16,5000,other
1754,redmi,15499.0,4,128,1,1024,6.67,0,HD,48, 13,5000,Qualcomm Sanpdragon
1756,redmi,7590.0,4,128,1,1024,6.52,0,HD,8, 5,5000,other
1758,redmi,7709.0,4,128,1,1024,6.52,0,HD,8, 5,5000,other
1759,redmi,18999.0,8,256,1,1024,6.67,0,HD,48, 13,5000,Qualcomm Sanpdragon
1760,redmi,13495.0,6,128,0,256,6.74,0,HD,50, 16,5000,other
1761,redmi,13999.0,6,128,1,1024,6.67,0,HD,50, 13,5000,Qualcomm Sanpdragon
1763,redmi,13599.0,4,128,0,256,6.79,0,HD,50, 16,5000,other
1766,redmi,13699.0,6,128,0,256,6.74,0,HD,50, 16,5000,other
1768,redmi,7373.0,4,128,1,1024,6.52,0,HD,8, 5,5000,other
1769,redmi,23999.0,8,256,0,256,6.67,0,HD,50, 16,5000,Mediatek
1770,redmi,25999.0,12,256,0,256,6.67,0,HD,50, 16,5000,Mediatek
1771,redmi,11508.0,4,128,0,256,6.74,0,HD,50, 16,5000,other
1775,redmi,11604.0,4,128,0,256,6.74,0,HD,50, 16,5000,other
1776,redmi,15399.0,8,256,0,256,6.74,0,HD,50, 16,5000,other
1779,redmi,9990.0,6,128,0,256,6.53,0,HD,13, 16,5000,other
1781,redmi,10854.0,8,256,0,256,6.74,0,HD,50, 16,5000,other
1783,redmi,11678.0,4,128,0,256,6.74,0,HD,50, 16,5000,other
1785,redmi,13465.0,6,128,0,256,6.74,0,HD,50, 16,5000,other
1788,redmi,10249.0,6,128,1,512,6.58,0,HD,50, 8,5000,Mediatek
1789,redmi,11505.0,4,128,0,256,6.74,0,HD,50, 16,5000,other
1790,redmi,8699.0,4,64,1,512,6.53,0,HD,13, 5,5000,Mediatek
1792,redmi,9999.0,6,128,0,256,6.53,0,HD,13, 16,5000,other
1793,redmi,15320.0,8,256,0,256,6.79,0,HD,50, 16,5000,other
1794,redmi,9790.0,4,128,1,512,6.53,0,HD,13, 5,5000,Mediatek
1797,redmi,12999.0,6,128,1,1024,6.7,0,HD,50, 5,6000,Qualcomm Sanpdragon
1801,redmi,9490.0,4,128,0,256,6.74,0,HD,50, 16,5000,other
1802,redmi,14499.0,6,128,0,256,6.43,0,HD,50, 16,5000,other
1804,redmi,14489.0,6,128,0,256,6.43,0,HD,50, 16,5000,other
1805,redmi,15479.0,8,256,0,256,6.74,0,HD,50, 16,5000,other
1806,redmi,12990.0,6,64,0,256,6.43,0,HD,108, 16,5000,other
1807,redmi,8499.0,3,32,1,512,6.52,0,HD,8, 5,5000,Mediatek
1808,redmi,26990.0,6,128,0,256,6.6,0,HD,64, 16,5080,Mediatek
1809,redmi,30999.0,12,256,0,256,6.67,0,HD,200, 16,4980,Mediatek
1811,redmi,14999.0,6,64,1,512,6.43,0,HD,64, 13,5000,Mediatek
1812,redmi,10999.0,4,64,1,1024,6.7,0,HD,50, 5,6000,Qualcomm Sanpdragon
1813,redmi,12780.0,6,64,0,256,6.43,0,HD,108, 16,5000,other
1814,redmi,10499.0,4,64,1,512,6.53,0,HD,13, 8,5020,Mediatek
1815,redmi,13999.0,6,128,0,256,6.58,0,HD,5, 16,5000,other
1817,redmi,13380.0,4,64,0,256,6.58,0,HD,5, 16,5000,other
1818,redmi,13980.0,6,128,0,256,6.58,0,HD,5, 16,5000,other
1819,redmi,12896.0,4,64,0,256,6.58,0,HD,5, 16,5000,other
1820,redmi,8860.0,4,64,1,512,6.53,0,HD,13, 5,5000,Mediatek
1821,redmi,8180.0,4,64,0,256,6.52,0,HD,8, 16,5000,other
1822,redmi,7999.0,4,64,1,512,6.53,0,HD,13, 5,5000,Mediatek
1823,redmi,13999.0,6,128,0,256,6.67,0,HD,48, 16,5020,other
1824,redmi,15990.0,8,128,0,256,6.43,0,HD,50, 16,5000,other
1826,redmi,11490.0,4,64,1,512,6.53,0,HD,48, 13,5020,Mediatek
1827,redmi,9000.0,3,32,0,256,6.53,0,HD,13, 16,5000,other
1828,redmi,8399.0,4,64,0,256,6.53,0,HD,13, 16,5000,other
1829,redmi,8380.0,4,64,0,256,6.53,0,HD,13, 16,5000,other
1830,redmi,17490.0,8,128,0,256,6.6,0,HD,50, 16,5000,other
1832,redmi,10870.0,4,64,1,1024,6.7,0,HD,50, 5,6000,Qualcomm Sanpdragon
1833,redmi,16990.0,8,128,0,256,6.6,0,HD,50, 16,5000,other
1835,redmi,17999.0,6,128,1,512,6.67,0,HD,64, 16,5020,Qualcomm Sanpdragon
1836,redmi,15490.0,6,128,0,256,6.43,0,HD,108, 16,5000,other
1837,redmi,6799.0,4,64,1,1024,6.52,0,HD,8, 5,5000,Mediatek
1840,redmi,11499.0,6,64,1,512,6.43,0,HD,64, 13,5000,Mediatek
1841,redmi,8999.0,6,128,1,1024,6.71,0,HD,50, 5,5000,Mediatek
1842,redmi,6250.0,2,32,0,256,6.52,0,HD,5, 16,5000,other
1843,redmi,12498.0,6,128,0,256,6.67,0,HD,48, 16,5020,other
1844,redmi,22999.0,8,128,0,256,6.67,0,HD,50, 16,5000,Mediatek
1846,redmi,13499.0,6,64,0,256,6.43,0,HD,108, 16,5000,other
1847,redmi,8290.0,4,64,0,256,6.52,0,HD,8, 16,5000,other
1851,redmi,6779.0,2,32,0,256,6.52,0,HD,5, 16,5000,other
1852,redmi,11499.0,6,128,1,512,6.53,0,HD,13, 5,5000,Mediatek
1853,redmi,14499.0,6,128,0,256,6.58,0,HD,5, 5,5000,other
1854,redmi,11999.0,4,64,1,512,6.53,0,HD,48, 13,5020,Mediatek
1855,redmi,12980.0,4,64,0,256,6.58,0,HD,5, 16,5000,other
1857,redmi,19890.0,6,128,1,512,6.67,0,HD,108, 16,5020,Qualcomm Sanpdragon
1858,redmi,12999.0,4,64,1,512,6.58,0,HD,50, 8,5000,Mediatek
1861,redmi,11840.0,4,64,0,256,6.5,0,HD,50, 16,6000,other
1862,redmi,17490.0,8,128,1,512,6.43,0,HD,64, 13,5000,Mediatek
1863,redmi,10990.0,6,128,1,512,6.53,0,HD,13, 5,5000,Mediatek
1864,redmi,11777.0,4,64,0,256,6.43,0,HD,50, 16,5000,other
1865,redmi,15400.0,6,128,0,256,6.43,0,HD,108, 16,5000,other
1868,redmi,14990.0,6,128,1,512,6.43,0,HD,48, 13,5000,Qualcomm Sanpdragon
1870,redmi,7990.0,4,64,0,256,6.53,0,HD,13, 16,5000,other
1871,redmi,13980.0,4,128,1,512,6.53,0,HD,48, 13,5020,Mediatek
1872,redmi,6799.0,2,32,0,256,6.52,0,HD,5, 5,5000,other
1873,redmi,16499.0,6,128,0,256,6.6,0,HD,50, 16,5000,other
1874,redmi,16999.0,6,128,0,256,6.56,0,HD,48, 8,5000,Mediatek
1875,redmi,19999.0,6,128,1,512,6.67,0,HD,108, 16,5020,Qualcomm Sanpdragon
1876,redmi,10378.0,6,128,1,512,6.53,0,HD,13, 5,5000,Mediatek
1877,redmi,7499.0,2,32,1,512,6.22,0,HD,13, 8,5000,Qualcomm Sanpdragon
1878,redmi,10690.0,4,64,1,1024,6.7,0,HD,50, 5,6000,Qualcomm Sanpdragon
1879,redmi,17999.0,8,128,1,512,6.53,0,HD,64, 20,4500,Mediatek
1880,redmi,16999.0,6,64,1,512,6.53,0,HD,64, 20,4500,Mediatek
1883,redmi,7890.0,3,32,0,256,6.53,0,HD,13, 16,5000,other
1884,redmi,16499.0,6,128,1,512,6.43,0,HD,64, 13,5000,Mediatek
1885,redmi,15499.0,8,128,0,256,6.43,0,HD,108, 16,5000,other
1886,redmi,15150.0,6,128,0,256,6.43,0,HD,108, 16,5000,other
1887,redmi,7690.0,3,32,0,256,6.53,0,HD,13, 16,5000,other
1889,redmi,12690.0,4,64,0,256,6.43,0,HD,50, 16,5000,other
1890,redmi,14760.0,6,128,0,256,6.67,0,HD,48, 16,5020,other
1891,redmi,13880.0,4,64,0,256,6.58,0,HD,50, 16,5000,other
1893,redmi,15700.0,4,128,0,256,6.67,0,HD,48, 16,5020,other
1894,redmi,15748.0,8,128,0,256,6.43,0,HD,108, 16,5000,other
1895,redmi,8443.0,4,64,0,256,6.53,0,HD,13, 16,5000,other
1896,redmi,8488.0,4,64,0,256,6.53,0,HD,13, 16,5000,other
1898,redmi,29999.0,8,256,0,256,6.6,0,HD,64, 16,5080,Mediatek
1899,redmi,12790.0,6,64,0,256,6.43,0,HD,108, 16,5000,other
1901,redmi,14973.0,6,128,0,256,6.43,0,HD,108, 16,5000,other
1902,redmi,17480.0,8,128,1,512,6.43,0,HD,64, 13,5000,Mediatek
1904,redmi,11999.0,4,64,0,256,6.5,0,HD,8, 16,6000,other
1905,redmi,13499.0,6,128,0,256,6.53,0,HD,48, 8,6000,Qualcomm Sanpdragon
1906,redmi,13385.0,4,64,0,256,6.58,0,HD,5, 16,5000,other
1908,redmi,8819.0,4,64,0,256,6.53,0,HD,13, 16,5000,other
1909,redmi,11890.0,4,64,0,256,6.43,0,HD,50, 13,5000,other
1910,redmi,13990.0,6,64,0,256,6.43,0,HD,50, 13,5000,other
1911,redmi,11499.0,4,64,0,256,6.53,0,HD,48, 8,6000,Qualcomm Sanpdragon
1912,redmi,11599.0,4,64,0,256,6.5,0,HD,50, 16,6000,other
1914,redmi,11890.0,6,64,0,256,6.43,0,HD,50, 16,5000,other
1915,redmi,25990.0,6,128,0,256,6.6,0,HD,64, 16,5080,Mediatek
1919,redmi,12390.0,4,64,0,256,6.67,0,HD,48, 16,5020,other
1920,redmi,12899.0,4,128,1,512,6.53,0,HD,48, 13,5020,Mediatek
1922,redmi,14400.0,6,128,0,256,6.58,0,HD,5, 5,5000,other
1923,redmi,14999.0,6,128,1,512,6.5,0,HD,50, 8,6000,Mediatek
1926,redmi,17991.0,6,128,0,256,6.6,0,HD,50, 16,5000,other
1927,redmi,7990.0,2,32,0,256,6.52,0,HD,8, 16,5000,other
1928,redmi,18820.0,6,128,1,512,6.67,0,HD,108, 16,5020,Qualcomm Sanpdragon
1929,redmi,7990.0,3,32,0,256,6.53,0,HD,13, 16,5000,other
1930,redmi,12769.0,4,64,1,512,6.43,0,HD,48, 13,5000,Qualcomm Sanpdragon
1931,redmi,11990.0,4,128,0,256,6.67,0,HD,48, 16,5020,other
1932,redmi,10990.0,4,64,0,256,6.67,0,HD,48, 16,5020,other
1935,redmi,17999.0,6,128,0,256,6.6,0,HD,50, 16,5000,other
1936,redmi,14990.0,6,128,1,512,6.53,0,HD,48, 13,5020,Mediatek
1937,redmi,13990.0,6,128,1,512,6.5,0,HD,50, 8,6000,Mediatek
1939,redmi,14999.0,4,64,0,256,6.56,0,HD,48, 8,5000,Mediatek
1940,redmi,8790.0,4,64,1,512,6.53,0,HD,13, 5,5000,Mediatek
1941,redmi,11999.0,4,64,0,256,6.53,0,HD,48, 8,6000,Qualcomm Sanpdragon
1943,redmi,17999.0,6,128,1,512,6.53,0,HD,64, 20,4500,Mediatek
1945,redmi,8999.0,2,32,1,1024,6.52,0,HD,8, 5,5000,Mediatek
1946,redmi,12490.0,6,64,1,512,6.43,0,HD,64, 13,5000,Mediatek
1949,redmi,11495.0,6,64,0,256,6.43,0,HD,50, 16,5000,other
1950,redmi,7999.0,4,128,1,1024,6.71,0,HD,50, 5,5000,Mediatek
1951,redmi,12980.0,4,64,1,512,6.43,0,HD,48, 13,5000,Qualcomm Sanpdragon
1952,redmi,10999.0,4,64,0,256,6.56,0,HD,48, 16,5000,other
1953,redmi,13890.0,4,128,1,512,6.53,0,HD,48, 13,5020,Mediatek
1955,redmi,13499.0,4,64,0,256,6.58,0,HD,50, 16,5000,other
1956,redmi,13799.0,6,128,1,512,6.5,0,HD,50, 8,6000,Mediatek
1957,redmi,11999.0,4,64,0,256,6.56,0,HD,48, 16,5000,other
1959,redmi,7290.0,2,32,1,512,6.22,0,HD,13, 8,5000,Qualcomm Sanpdragon
1961,redmi,29890.0,8,256,0,256,6.6,0,HD,64, 16,5080,Mediatek
1962,redmi,12490.0,6,64,1,512,6.43,0,HD,64, 13,5000,Mediatek
1963,redmi,18888.0,8,128,0,256,6.6,0,HD,50, 16,5000,other
1964,redmi,10999.0,3,32,0,256,6.3,0,HD,48, 16,4000,other
1965,redmi,13099.0,4,128,1,512,6.53,0,HD,48, 13,5020,Mediatek
1966,redmi,13996.0,6,128,0,256,6.53,0,HD,48, 8,6000,Qualcomm Sanpdragon
1967,redmi,15999.0,6,128,0,256,6.56,0,HD,48, 8,5000,Mediatek
1969,redmi,16935.0,6,128,0,256,6.67,0,HD,64, 16,5020,other
1970,redmi,12970.0,6,64,1,512,6.43,0,HD,64, 13,5000,Mediatek
1971,redmi,11999.0,6,64,1,512,6.43,0,HD,64, 13,5000,Mediatek
1972,redmi,16400.0,8,128,1,512,6.43,0,HD,64, 13,5000,Mediatek
1973,redmi,7499.0,2,32,1,512,6.52,0,HD,8, 5,5000,Mediatek
1974,redmi,8499.0,2,32,1,512,6.22,0,HD,13, 8,5000,Qualcomm Sanpdragon
1977,redmi,13890.0,6,128,0,256,6.56,0,HD,48, 8,5000,Mediatek
1979,redmi,12015.0,4,128,0,256,6.5,0,HD,50, 16,6000,other
1980,redmi,17599.0,6,128,1,512,6.67,0,HD,108, 16,5020,Qualcomm Sanpdragon
1981,redmi,10390.0,4,128,0,256,6.53,0,HD,13, 16,5000,other
1982,redmi,13390.0,6,128,1,512,6.43,0,HD,64, 13,5000,Mediatek
1983,redmi,11650.0,4,128,1,512,6.53,0,HD,13, 8,5020,Mediatek
1984,redmi,13950.0,6,128,1,512,6.53,0,HD,48, 13,5020,Mediatek
1985,redmi,22990.0,8,128,1,512,6.67,0,HD,108, 16,5020,Qualcomm Sanpdragon
1986,redmi,14996.0,6,64,1,512,6.67,0,HD,64, 32,5020,Qualcomm Sanpdragon
1987,redmi,13030.0,4,128,1,512,6.53,0,HD,48, 13,5020,Mediatek
1988,redmi,13499.0,4,128,1,512,6.53,0,HD,48, 16,5020,Mediatek
1989,redmi,11790.0,4,128,0,256,6.53,0,HD,48, 8,6000,Qualcomm Sanpdragon
1997,redmi,22689.0,8,128,1,512,6.67,0,HD,64, 32,5020,Qualcomm Sanpdragon
1998,redmi,19999.0,8,128,0,256,6.43,0,HD,108, 16,5000,other
2002,redmi,20729.0,8,128,1,512,6.67,0,HD,64, 16,5020,Qualcomm Sanpdragon
2003,redmi,9999.0,4,64,0,256,6.71,0,HD,50, 16,6000,other
2004,redmi,11949.0,4,128,0,256,6.53,0,HD,48, 8,6000,Qualcomm Sanpdragon
2006,redmi,17999.0,6,128,1,512,6.67,0,HD,64, 32,5020,Qualcomm Sanpdragon
2008,redmi,13365.0,6,128,0,256,6.53,0,HD,48, 8,6000,Qualcomm Sanpdragon
2009,redmi,18999.0,6,128,0,256,6.67,0,HD,64, 16,5020,other
2010,redmi,14849.0,6,64,1,512,6.67,0,HD,64, 32,5020,Qualcomm Sanpdragon
2011,redmi,13835.0,6,128,1,512,6.53,0,HD,48, 13,5020,Mediatek
2012,redmi,17989.0,6,64,1,512,6.67,0,HD,64, 16,5020,Qualcomm Sanpdragon
2014,redmi,11390.0,4,128,1,512,6.53,0,HD,13, 8,5000,Mediatek
2017,redmi,18999.0,6,128,1,512,6.53,0,HD,48, 13,5020,Mediatek
2018,redmi,16499.0,6,64,1,512,6.53,0,HD,64, 20,4500,Mediatek
2020,redmi,16999.0,8,128,1,512,6.53,0,HD,64, 20,4500,Mediatek
2021,redmi,20990.0,8,128,1,512,6.67,0,HD,64, 32,5020,Qualcomm Sanpdragon
2022,redmi,14999.0,6,128,0,256,6.58,0,HD,5, 16,5000,other
2023,redmi,20479.0,8,128,0,256,6.67,0,HD,64, 16,5020,other
2024,redmi,20414.0,8,128,0,256,6.67,0,HD,64, 16,5020,other
2025,redmi,20489.0,8,128,0,256,6.67,0,HD,64, 16,5020,other
2026,redmi,16490.0,6,128,1,512,6.53,0,HD,64, 20,4500,Mediatek
2027,redmi,17638.0,6,64,1,512,6.67,0,HD,64, 16,5020,Qualcomm Sanpdragon
2028,redmi,11899.0,8,128,0,256,6.71,0,HD,50, 16,6000,other
2029,redmi,11999.0,4,64,1,512,6.53,0,HD,13, 8,5020,Mediatek
2030,redmi,8995.0,4,128,0,256,6.53,0,HD,48, 8,6000,Qualcomm Sanpdragon
2031,redmi,20990.0,8,128,0,256,6.67,0,HD,64, 16,5020,other
2032,redmi,24999.0,8,128,1,512,6.67,0,HD,108, 16,5020,Qualcomm Sanpdragon
2035,redmi,23999.0,8,256,0,256,6.6,0,HD,64, 16,5080,Mediatek
2038,redmi,20999.0,8,128,1,512,6.67,0,HD,108, 16,5020,Qualcomm Sanpdragon
2040,redmi,16999.0,4,128,0,256,6.5,0,HD,50, 16,6000,other
2041,redmi,16999.0,4,128,0,256,6.5,0,HD,8, 16,6000,other
2042,samsung,32999.0,8,128,0,256,6.4,0,HD,12, 32,4500,Qualcomm Sanpdragon
2044,samsung,124999.0,12,256,0,256,6.8,0,HD,200, 12,5000,Qualcomm Sanpdragon
2045,samsung,16999.0,6,128,0,256,6.5,0,HD,50, 16,6000,other
2047,samsung,20499.0,8,128,1,1024,6.5,0,HD,50, 13,6000,Exynos
2048,samsung,45999.0,8,128,0,256,6.7,0,HD,12, 10,3300,Qualcomm Sanpdragon
2049,samsung,13309.0,6,128,0,256,6.6,0,HD,50, 16,6000,other
2050,samsung,9999.0,4,64,1,1024,6.6,0,HD,50, 8,6000,Exynos
2053,samsung,28499.0,8,128,0,256,6.4,0,HD,12, 32,4500,other
2054,samsung,9142.0,4,64,0,256,6.6,0,HD,50, 16,6000,other
2055,samsung,18638.0,8,128,0,256,6.5,0,HD,50, 16,6000,other
2057,samsung,16999.0,6,128,1,1024,6.6,0,HD,50, 13,5000,Exynos
2058,samsung,10999.0,4,128,1,1024,6.6,0,HD,50, 8,6000,Exynos
2059,samsung,19192.0,8,128,0,256,6.5,0,HD,50, 16,6000,other
2061,samsung,28999.0,8,128,1,1024,6.6,0,HD,48, 13,5000,Mediatek
2062,samsung,13475.0,6,128,0,256,6.6,0,HD,50, 16,6000,other
2063,samsung,41999.0,8,256,0,256,6.4,0,HD,12, 32,4500,Qualcomm Sanpdragon
2064,samsung,7699.0,4,64,0,256,6.5,0,HD,13, 5,5000,Mediatek
2065,samsung,18999.0,8,128,1,1024,6.6,0,HD,50, 13,5000,Exynos
2066,samsung,30999.0,8,256,1,1024,6.6,0,HD,48, 13,5000,Mediatek
2068,samsung,8689.0,4,128,0,256,6.5,0,HD,13, 16,5000,Mediatek
2069,samsung,38999.0,8,256,1,1024,6.4,0,HD,50, 32,5000,Exynos
2072,samsung,8088.0,4,128,0,256,6.5,0,HD,13, 16,5000,Mediatek
2077,samsung,19190.0,8,128,0,256,6.5,0,HD,50, 16,6000,other
2078,samsung,6998.0,2,32,1,1024,6.5,0,HD,8, 5,5000,other
2084,samsung,79999.0,8,256,0,256,6.1,0,HD,50, 12,3900,Qualcomm Sanpdragon
2085,samsung,13099.0,6,128,0,256,6.6,0,HD,50, 16,6000,other
2086,samsung,11999.0,6,128,0,256,6.6,0,HD,50, 16,6000,other
2088,samsung,154999.0,12,256,0,256,6.2,0,HD,50, 16,4400,Qualcomm Sanpdragon
2089,samsung,8999.0,4,64,0,256,6.6,0,HD,50, 16,6000,other
2090,samsung,16327.0,6,128,0,256,6.5,0,HD,50, 16,6000,other
2092,samsung,21999.0,6,128,1,1024,6.6,0,HD,50, 8,5000,Qualcomm Sanpdragon
2093,samsung,22999.0,8,128,1,1024,6.5,0,HD,64, 32,4500,Qualcomm Sanpdragon
2095,samsung,12029.0,6,128,0,256,6.6,0,HD,50, 16,6000,other
2098,samsung,14499.0,4,64,1,1024,6.6,0,HD,50, 13,5000,Exynos
2100,samsung,99999.0,8,256,0,256,6.7,0,HD,12, 10,3700,Qualcomm Sanpdragon
2101,samsung,58390.0,8,256,0,256,6.7,0,HD,12, 10,3300,Qualcomm Sanpdragon
2102,samsung,19488.0,8,128,0,256,6.5,0,HD,50, 16,6000,other
2104,samsung,16490.0,8,128,1,1024,6.6,0,HD,50, 8,5000,other
2108,samsung,23999.0,8,128,1,1024,6.6,0,HD,50, 8,5000,Qualcomm Sanpdragon
2109,samsung,36999.0,8,128,1,1024,6.4,0,HD,50, 32,5000,Exynos
2110,samsung,18499.0,6,128,1,1024,6.6,0,HD,50, 8,5000,Qualcomm Sanpdragon
2111,samsung,15490.0,6,128,1,1024,6.6,0,HD,64, 8,5000,Mediatek
2114,samsung,16228.0,6,128,0,256,6.5,0,HD,50, 16,6000,other
2117,samsung,18999.0,8,128,0,256,6.6,0,HD,50, 16,6000,other
2118,samsung,27599.0,8,128,0,256,6.5,0,HD,12, 32,4500,other
2120,samsung,7299.0,4,64,1,1024,6.5,0,HD,13, 5,5000,Mediatek
2121,samsung,134999.0,12,512,0,256,6.8,0,HD,200, 12,5000,Qualcomm Sanpdragon
2122,samsung,74999.0,8,128,0,256,6.1,0,HD,50, 12,3900,Qualcomm Sanpdragon
2123,samsung,12999.0,4,64,1,1024,6.6,0,HD,50, 13,5000,Exynos
2126,samsung,59999.0,8,128,0,256,6.4,0,HD,50, 10,4500,Exynos
2130,samsung,12312.0,4,128,0,256,6.6,0,HD,50, 16,6000,other
2132,samsung,31999.0,6,128,1,1024,6.5,0,HD,64, 32,5000,Exynos
2135,samsung,34999.0,8,256,1,1024,6.5,0,HD,64, 32,5000,Exynos
2137,samsung,79999.0,8,128,0,256,6.7,0,HD,12, 10,3700,Qualcomm Sanpdragon
2138,samsung,11499.0,4,64,1,1024,6.4,0,HD,48, 13,6000,Mediatek
2139,samsung,16799.0,6,128,0,256,6.6,0,HD,50, 16,6000,other
2141,samsung,8888.0,3,32,0,256,6.5,0,HD,48, 5,5000,other
2142,samsung,34299.0,8,128,1,1024,6.5,0,HD,64, 32,5000,Exynos
2143,samsung,20990.0,8,128,0,256,6.6,0,HD,50, 16,6000,other
2144,samsung,109999.0,8,512,0,256,6.7,0,HD,12, 10,3700,Qualcomm Sanpdragon
2145,samsung,18989.0,8,128,0,256,6.6,0,HD,50, 13,5000,Exynos
2146,samsung,11249.0,4,64,1,1024,6.6,0,HD,50, 8,5000,Exynos
2147,samsung,8990.0,4,64,0,256,6.5,0,HD,13, 5,5000,Qualcomm Sanpdragon
2148,samsung,28999.0,8,128,1,1024,6.5,0,HD,64, 32,4500,Qualcomm Sanpdragon
2149,samsung,11499.0,4,64,1,1024,6.5,0,HD,48, 8,5000,Mediatek
2150,samsung,14999.0,6,128,1,1024,6.72,0,HD,50, 13,5000,other
2151,samsung,41999.0,8,128,1,1024,6.7,0,HD,108, 32,5000,Qualcomm Sanpdragon
2152,samsung,11500.0,3,32,1,256,5.6,0,HD,13, 8,3000,Exynos
2154,samsung,17499.0,4,128,0,256,6.5,0,HD,50, 5,5000,Exynos
2155,samsung,59999.0,8,128,0,256,6.6,0,HD,50, 10,4500,Qualcomm Sanpdragon
2156,samsung,11999.0,4,64,1,512,6.515,0,HD,48, 8,6000,Exynos
2157,samsung,15899.0,6,128,1,1024,6.72,0,HD,50, 13,5000,other
2158,samsung,13499.0,6,128,1,1024,6.4,0,HD,48, 13,6000,Mediatek
2159,samsung,7199.0,2,32,1,1024,6.5,0,HD,8, 5,5000,other
2160,samsung,15999.0,6,128,1,1024,6.4,0,HD,48, 13,5000,Mediatek
2161,samsung,18499.0,6,128,1,1024,6.6,0,HD,50, 8,5000,other
2162,samsung,18896.0,6,128,0,256,6.6,0,HD,50, 16,6000,other
2164,samsung,44999.0,8,256,1,1024,6.7,0,HD,108, 32,5000,Qualcomm Sanpdragon
2165,samsung,14499.0,4,64,1,1024,6.6,0,HD,50, 8,5000,Exynos
2166,samsung,139999.0,12,256,0,256,7.6,0,HD,50, 10,4400,Qualcomm Sanpdragon
2167,samsung,24990.0,6,128,1,1024,6.4,0,HD,48, 13,5000,Exynos
2168,samsung,16999.0,6,128,1,1024,6.5,0,HD,48, 13,5000,Mediatek
2169,samsung,27900.0,8,128,0,256,6.5,0,HD,12, 16,4500,other
2170,samsung,30500.0,8,128,1,512,6.7,0,HD,64, 32,4500,Qualcomm Sanpdragon
2171,samsung,12499.0,4,64,0,256,6.5,0,HD,50, 16,5000,other
2172,samsung,10300.0,3,32,0,256,6.5,0,HD,48, 5,5000,other
2173,samsung,84999.0,8,256,0,256,6.7,0,HD,12, 10,3700,Qualcomm Sanpdragon
2174,samsung,14390.0,6,128,0,256,6.5,0,HD,50, 16,5000,other
2175,samsung,13390.0,4,128,1,1024,6.6,0,HD,50, 8,5000,Exynos
2176,samsung,26980.0,6,128,1,1024,6.4,0,HD,48, 13,5000,Exynos
2177,samsung,28499.0,8,128,0,256,6.4,0,HD,12, 32,4500,Exynos
2178,samsung,9999.0,3,64,1,1024,6.5,0,HD,13, 5,5000,Mediatek
2179,samsung,18499.0,4,128,1,1024,6.6,0,HD,50, 13,5000,Exynos
2180,samsung,24990.0,8,128,0,256,6.7,0,HD,32, 16,5000,other
2181,samsung,22999.0,8,128,1,1024,6.6,0,HD,64, 8,5000,Mediatek
2182,samsung,13499.0,4,128,0,256,6.5,0,HD,50, 5,5000,Exynos
2183,samsung,53999.0,8,128,1,1024,6.5,0,HD,12, 32,4500,Exynos
2184,samsung,9499.0,3,64,1,1024,6.5,0,HD,13, 5,5000,Mediatek
2185,samsung,22990.0,6,128,0,256,6.6,0,HD,50, 16,6000,other
2187,samsung,15899.0,6,128,0,256,6.7,0,HD,50, 13,5000,Qualcomm Sanpdragon
2188,samsung,101999.0,8,128,0,256,6.6,0,HD,50, 10,4500,Qualcomm Sanpdragon
2189,samsung,12999.0,4,128,1,512,6.515,0,HD,48, 8,6000,Exynos
2190,samsung,60999.0,8,256,0,256,6.1,0,HD,50, 16,3700,other
2191,samsung,15190.0,6,128,1,1024,6.6,0,HD,50, 8,5000,other
2192,samsung,11990.0,3,32,1,512,6.4,0,HD,13, 8,5000,Qualcomm Sanpdragon
2193,samsung,149999.0,12,512,0,256,7.6,0,HD,50, 10,4400,Qualcomm Sanpdragon
2194,samsung,164999.0,12,512,0,256,7.6,0,HD,50, 10,4400,Qualcomm Sanpdragon
2195,samsung,7299.0,2,32,1,1024,6.5,0,HD,8, 5,5000,other
2196,samsung,13499.0,4,128,1,1024,6.72,0,HD,50, 13,5000,other
2197,samsung,88999.0,8,256,0,256,6.6,0,HD,50, 10,4500,Qualcomm Sanpdragon
2198,samsung,18990.0,6,128,0,256,6.59,0,HD,50, 16,6000,other
2199,samsung,23990.0,6,128,0,256,6.7,0,HD,64, 16,5000,other
2200,samsung,21111.0,8,128,0,256,6.6,0,HD,50, 16,6000,other
2201,samsung,92999.0,12,256,0,256,6.8,0,HD,108, 40,5000,Exynos
2202,samsung,130376.0,12,256,0,256,6.8,0,HD,108, 40,5000,other
2203,samsung,14499.0,6,128,1,512,6.4,0,HD,64, 32,6000,Exynos
2204,samsung,177999.0,12,256,0,256,7.6,0,HD,50, 10,4400,Qualcomm Sanpdragon
2205,samsung,15889.0,6,128,1,1024,6.72,0,HD,50, 13,5000,other
2206,samsung,9850.0,3,64,0,256,6.5,0,HD,13, 5,5000,Mediatek
2207,samsung,39890.0,8,128,1,1024,6.7,0,HD,64, 10,4500,Exynos
2208,samsung,54200.0,8,128,0,256,6.4,0,HD,50, 10,4500,Qualcomm Sanpdragon
2209,samsung,13490.0,4,64,0,256,6.4,0,HD,64, 16,6000,other
2211,samsung,14999.0,4,64,1,1024,6.5,0,HD,48, 8,5000,Exynos
2212,samsung,19990.0,6,128,0,256,6.59,0,HD,50, 16,6000,other
2213,samsung,30083.0,8,128,1,1024,6.4,0,HD,48, 13,5000,Exynos
2215,samsung,17990.0,4,128,1,1024,6.6,0,HD,50, 13,5000,Exynos
2217,samsung,25999.0,8,128,1,1024,6.7,0,HD,64, 32,7000,Exynos
2219,samsung,16999.0,8,128,0,256,6.6,0,HD,50, 16,6000,other
2221,samsung,29990.0,8,128,1,1024,6.4,0,HD,48, 13,5000,Exynos
2223,samsung,14989.0,4,64,0,256,6.6,0,HD,50, 13,5000,Exynos
2224,samsung,9490.0,3,32,1,1024,6.515,0,HD,13, 5,5000,Qualcomm Sanpdragon
2225,samsung,8299.0,3,32,1,1024,6.5,0,HD,13, 5,5000,Mediatek
2226,samsung,14399.0,6,128,0,256,6.5,0,HD,50, 16,5000,other
2227,samsung,13999.0,6,128,0,256,6.5,0,HD,50, 16,5000,other
2229,samsung,7989.0,3,32,1,1024,6.5,0,HD,13, 5,5000,Mediatek
2230,samsung,19900.0,4,32,1,256,5.7,0,HD,13, 13,3300,Mediatek
2232,samsung,7299.0,2,32,1,1024,6.5,0,HD,8, 5,5000,other
2233,samsung,22491.0,8,128,0,256,6.6,0,HD,50, 8,6000,other
2235,samsung,11490.0,4,128,1,1024,6.5,0,HD,13, 5,5000,Mediatek
2236,samsung,131990.0,12,256,0,256,6.8,0,HD,108, 40,5000,other
2237,samsung,10990.0,4,64,0,256,6.5,0,HD,13, 5,5000,Qualcomm Sanpdragon
2238,samsung,17999.0,4,128,1,1024,6.6,0,HD,50, 13,5000,Exynos
2239,samsung,13400.0,4,64,0,256,6.5,0,HD,50, 16,5000,other
2240,samsung,15899.0,6,128,1,2048,6.7,0,HD,50, 13,5000,Qualcomm Sanpdragon
2241,samsung,19990.0,6,128,0,256,6.6,0,HD,50, 16,6000,other
2243,samsung,25999.0,6,128,1,1024,6.4,0,HD,48, 13,5000,Exynos
2244,samsung,14399.0,4,128,1,1024,6.72,0,HD,50, 13,5000,other
2246,samsung,74999.0,8,128,0,256,6.5,0,HD,32, 16,4500,other
2247,samsung,12999.0,4,64,1,1024,6.5,0,HD,13, 5,5000,Mediatek
2248,samsung,13000.0,4,64,0,256,6.5,0,HD,48, 16,6000,other
2249,samsung,32999.0,6,128,0,256,6.7,0,HD,108, 16,5000,other
2250,samsung,17990.0,4,128,0,256,6.5,0,HD,50, 5,5000,Exynos
2251,samsung,8790.0,3,32,0,256,6.5,0,HD,13, 5,5000,Qualcomm Sanpdragon
2252,samsung,23899.0,8,128,1,1024,6.6,0,HD,50, 8,5000,Qualcomm Sanpdragon
2253,samsung,14999.0,4,128,1,1024,6.6,0,HD,50, 8,5000,Exynos
2254,samsung,23390.0,6,128,0,256,6.7,0,HD,108, 16,5000,other
2255,samsung,13999.0,4,128,1,512,6.515,0,HD,48, 8,6000,Exynos
2256,samsung,34599.0,8,128,0,256,6.7,0,HD,108, 16,5000,other
2257,samsung,20999.0,8,128,1,1024,6.5,0,HD,48, 13,5000,Mediatek
2258,samsung,25500.0,4,64,0,256,5.6,0,HD,16, 16,3000,other
2261,samsung,18900.0,4,64,0,256,6.4,0,HD,25, 16,4000,Exynos
2264,samsung,11099.0,4,64,1,1024,6.5,0,HD,50, 5,5000,Mediatek
2265,samsung,11999.0,4,64,1,1024,6.5,0,HD,50, 5,5000,Mediatek
2266,samsung,12999.0,4,128,1,1024,6.5,0,HD,50, 5,5000,Mediatek
2268,samsung,16999.0,6,128,1,512,6.4,0,HD,48, 20,5000,Mediatek
2269,samsung,9999.0,3,32,0,256,6.5,0,HD,48, 5,5000,other
2270,samsung,86000.0,8,256,0,256,6.7,0,HD,64, 10,4300,Exynos
2272,samsung,24000.0,6,64,1,512,6.4,0,HD,25, 25,4000,Exynos
2273,samsung,21070.0,4,128,0,256,6.4,0,HD,48, 32,4000,Exynos
2275,samsung,18399.0,8,128,1,1024,6.6,0,HD,50, 8,5000,other
2276,samsung,17999.0,4,64,1,512,6.5,0,HD,48, 13,5000,Exynos
2277,samsung,17890.0,6,128,1,1024,6.6,0,HD,48, 8,5000,Mediatek
2279,samsung,14999.0,4,64,1,512,6.4,0,HD,13, 8,5000,Qualcomm Sanpdragon
2280,samsung,12190.0,4,128,0,256,6.6,0,HD,50, 16,6000,other
2281,samsung,37999.0,8,128,1,1024,6.5,0,HD,64, 32,4500,Qualcomm Sanpdragon
2283,samsung,12999.0,3,32,1,512,6.4,0,HD,13, 8,5000,Qualcomm Sanpdragon
2284,samsung,11499.0,4,64,0,256,6.5,0,HD,48, 5,5000,other
2287,samsung,14949.0,4,64,1,1024,6.6,0,HD,50, 8,5000,Exynos
2288,samsung,38999.0,6,128,0,256,6.5,0,HD,64, 16,4500,other
2289,vivo,17990.0,8,256,0,256,6.78,0,HD,64, 50,5000,Qualcomm Sanpdragon
2290,vivo,17990.0,12,256,0,256,6.78,0,HD,50, 50,4600,Mediatek
2291,vivo,17990.0,8,128,0,256,6.78,0,HD,64, 50,5000,Qualcomm Sanpdragon
2292,vivo,17990.0,12,256,0,256,6.78,0,HD,50, 50,4600,other
2293,vivo,17990.0,4,64,0,256,6.51,0,HD,8, 5,5000,Mediatek
2294,vivo,17990.0,8,128,0,256,6.78,0,HD,50, 50,4600,Mediatek
2296,vivo,17990.0,8,128,0,256,6.67,0,HD,64, 16,4800,other
2297,vivo,17990.0,4,64,1,1024,6.51,0,HD,13, 5,5000,Mediatek
2298,vivo,17990.0,4,128,1,1024,6.51,0,HD,13, 5,5000,Mediatek
2302,vivo,17990.0,3,64,1,1024,6.51,0,HD,13, 5,5000,Mediatek
2304,vivo,17990.0,4,128,1,1024,6.56,0,HD,50, 8,5000,Mediatek
2305,vivo,17990.0,8,128,0,256,6.78,0,HD,50, 50,4600,other
2306,vivo,17990.0,4,64,0,256,6.51,0,HD,13, 16,5000,other
2307,vivo,17990.0,8,256,0,256,6.78,0,HD,50, 50,4600,Mediatek
2310,vivo,17990.0,8,128,0,256,6.58,0,HD,50, 16,5000,Mediatek
2311,vivo,17990.0,4,64,1,1024,6.56,0,HD,50, 8,5000,Mediatek
2313,vivo,36999.0,12,256,0,256,6.78,0,HD,50, 50,4600,Mediatek
2314,vivo,17999.0,8,128,0,256,6.58,0,HD,50, 16,5000,Mediatek
2315,vivo,17999.0,8,128,1,1024,6.44,0,HD,50, 16,5000,Qualcomm Sanpdragon
2316,vivo,9490.0,4,64,1,1024,6.51,0,HD,13, 5,5000,Mediatek
2317,vivo,23999.0,8,128,0,256,6.38,0,HD,64, 16,4500,Mediatek
2318,vivo,12499.0,3,64,0,256,6.51,0,HD,13, 16,5000,other
2319,vivo,12999.0,6,128,0,256,6.64,0,HD,50, 8,5000,Mediatek
2320,vivo,29999.0,8,128,0,256,6.38,0,HD,64, 16,4500,Mediatek
2321,vivo,15999.0,4,128,0,256,6.58,0,HD,50, 16,5000,Mediatek
2323,vivo,14499.0,4,128,1,1024,6.44,0,HD,50, 16,5000,Qualcomm Sanpdragon
2324,vivo,16999.0,8,128,0,256,6.58,0,HD,50, 16,5000,Qualcomm Sanpdragon
2325,vivo,37999.0,8,128,0,256,6.78,0,HD,50, 50,4600,Mediatek
2328,vivo,42999.0,12,256,0,256,6.78,0,HD,50, 50,4600,Mediatek
2329,vivo,39999.0,8,256,0,256,6.78,0,HD,50, 50,4600,Mediatek
2330,vivo,14999.0,8,128,0,256,6.64,0,HD,50, 16,5000,Qualcomm Sanpdragon
2333,vivo,10851.0,3,32,1,1024,6.51,0,HD,13, 5,5000,Mediatek
2334,vivo,15999.0,6,128,1,1024,6.44,0,HD,50, 16,5000,Qualcomm Sanpdragon
2335,vivo,11999.0,4,64,0,256,6.58,0,HD,50, 8,5000,Qualcomm Sanpdragon
2337,vivo,21989.0,8,128,0,256,6.38,0,HD,64, 16,4500,Mediatek
2338,vivo,11422.0,4,64,1,1024,6.55,0,HD,50, 8,5000,Mediatek
2339,vivo,26790.0,12,256,0,256,6.44,0,HD,64, 50,4500,Mediatek
2340,vivo,15499.0,6,128,1,1024,6.55,0,HD,50, 8,5000,Mediatek
2341,vivo,14999.0,6,128,0,256,6.58,0,HD,50, 8,5000,Qualcomm Sanpdragon
2342,vivo,19990.0,8,128,1,1024,6.44,0,HD,50, 44,4050,other
2343,vivo,8499.0,3,32,0,256,6.51,0,HD,8, 16,5000,other
2344,vivo,11580.0,4,128,0,256,6.58,0,HD,50, 8,5000,Qualcomm Sanpdragon
2345,vivo,12999.0,4,128,0,256,6.58,0,HD,50, 8,5000,Qualcomm Sanpdragon
2346,vivo,7799.0,2,32,0,256,6.22,0,HD,13, 5,4030,other
2347,vivo,13498.0,4,128,1,1024,6.55,0,HD,50, 8,5000,Mediatek
2348,vivo,63999.0,12,256,0,256,6.78,0,HD,50, 32,4810,Mediatek
2349,vivo,12295.0,4,128,1,1024,6.55,0,HD,50, 8,5000,Mediatek
2350,vivo,14999.0,6,128,1,1024,6.55,0,HD,50, 8,5000,Mediatek
2351,vivo,11948.0,4,64,1,1024,6.55,0,HD,50, 8,5000,Mediatek
2352,vivo,12490.0,6,128,0,256,6.58,0,HD,50, 8,5000,Qualcomm Sanpdragon
2353,vivo,59999.0,8,256,0,256,6.78,0,HD,50, 32,4810,Mediatek
2354,vivo,12930.0,6,64,1,1024,6.51,0,HD,13, 8,5000,Qualcomm Sanpdragon
2355,vivo,8499.0,2,32,0,256,6.51,0,HD,8, 5,5000,Mediatek
2356,vivo,22990.0,8,128,1,1024,6.44,0,HD,50, 44,4050,other
2357,vivo,23999.0,8,256,0,256,6.38,0,HD,64, 16,4500,Qualcomm Sanpdragon
2359,vivo,35999.0,12,256,0,256,6.44,0,HD,64, 50,4500,Mediatek
2360,vivo,21999.0,8,128,0,256,6.38,0,HD,64, 16,4500,Qualcomm Sanpdragon
2361,vivo,18049.0,4,128,1,1024,6.44,0,HD,50, 16,5000,Qualcomm Sanpdragon
2362,vivo,13690.0,4,128,1,1024,6.58,0,HD,50, 8,5000,Qualcomm Sanpdragon
2365,vivo,27999.0,8,128,0,256,6.44,0,HD,64, 50,4500,Mediatek
2366,vivo,18999.0,6,128,1,1024,6.44,0,HD,50, 16,5000,Qualcomm Sanpdragon
2368,vivo,41890.0,8,128,0,256,6.78,0,HD,50, 16,4500,other
2370,vivo,12469.0,4,64,0,256,6.51,0,HD,13, 16,5000,other
2371,vivo,13999.0,4,64,1,256,6.22,0,HD,13, 20,4030,Qualcomm Sanpdragon
2372,vivo,28299.0,8,128,0,256,6.56,0,HD,64, 32,4830,Mediatek
2373,vivo,10143.0,3,64,1,1024,6.51,0,HD,13, 5,5000,Mediatek
2374,vivo,10970.0,3,32,1,1024,6.51,0,HD,13, 5,5000,Mediatek
2375,vivo,19990.0,8,128,1,1024,6.58,0,HD,50, 16,5000,Qualcomm Sanpdragon
2376,vivo,16990.0,6,128,1,1024,6.58,0,HD,50, 16,5000,Qualcomm Sanpdragon
2381,vivo,8689.0,3,32,1,256,6.1,0,HD,13, 5,3260,Mediatek
2382,vivo,12498.0,6,128,0,256,6.58,0,HD,50, 8,5000,Qualcomm Sanpdragon
2384,vivo,15990.0,4,128,1,1024,6.58,0,HD,50, 16,5000,Qualcomm Sanpdragon
2386,vivo,37999.0,12,256,0,256,6.78,0,HD,50, 50,4600,Mediatek
2387,vivo,53990.0,12,256,0,256,6.78,0,HD,50, 32,4500,Qualcomm Sanpdragon
2389,vivo,12423.0,6,128,0,256,6.58,0,HD,50, 8,5000,Qualcomm Sanpdragon
2390,vivo,10490.0,3,64,1,1024,6.51,0,HD,13, 8,5000,Mediatek
2391,vivo,12440.0,6,128,0,256,6.58,0,HD,50, 8,5000,Qualcomm Sanpdragon
2392,vivo,31470.0,8,128,0,256,6.78,0,HD,50, 50,4600,Mediatek
2393,vivo,15480.0,4,128,0,256,6.58,0,HD,50, 8,5000,Qualcomm Sanpdragon
2394,vivo,14780.0,4,64,0,256,6.58,0,HD,50, 8,5000,Qualcomm Sanpdragon
2395,vivo,17990.0,3,64,0,256,6.51,0,HD,13, 16,5000,other
2396,vivo,24999.0,8,128,0,256,6.44,0,HD,64, 16,4700,Qualcomm Sanpdragon
2397,vivo,23999.0,6,128,0,256,6.44,0,HD,64, 16,4700,Qualcomm Sanpdragon
2398,vivo,15490.0,8,128,1,1024,6.58,0,HD,64, 16,5000,Mediatek
2399,vivo,79999.0,12,256,0,256,6.78,0,HD,50, 32,4700,Qualcomm Sanpdragon
2400,vivo,35999.0,8,128,0,256,6.56,0,HD,64, 32,4830,Mediatek
2401,vivo,39999.0,12,256,0,256,6.56,0,HD,64, 32,4830,Mediatek
2403,vivo,11890.0,4,64,1,256,6.22,0,HD,13, 20,4030,Qualcomm Sanpdragon
2404,vivo,27990.0,8,128,0,256,6.44,0,HD,64, 44,4000,Mediatek
2405,vivo,17990.0,4,128,1,256,6.47,0,HD,13, 8,5000,Mediatek
2408,vivo,9499.0,3,32,1,256,6.22,0,HD,13, 5,4030,Mediatek
2409,vivo,10349.0,3,32,1,1024,6.51,0,HD,13, 8,5000,Mediatek
2410,vivo,9990.0,2,32,1,256,6.22,0,HD,13, 5,4030,Mediatek
2412,vivo,14499.0,6,128,0,256,6.58,0,HD,50, 8,5000,Qualcomm Sanpdragon
2413,vivo,63490.0,12,256,0,256,6.78,0,HD,50, 32,4810,Mediatek
2414,vivo,54999.0,8,128,0,256,6.78,0,HD,50, 32,4500,Mediatek
2415,vivo,11990.0,3,64,1,256,6.51,0,HD,13, 8,5000,Qualcomm Sanpdragon
2417,vivo,38990.0,8,128,1,12,6.56,0,HD,108, 50,4300,Mediatek
2419,vivo,27990.0,8,256,0,256,6.56,0,HD,48, 32,4200,Qualcomm Sanpdragon
2420,vivo,12990.0,3,64,1,256,6.51,0,HD,13, 8,5000,Qualcomm Sanpdragon
2421,vivo,26899.0,8,128,0,256,6.56,0,HD,48, 32,4200,Qualcomm Sanpdragon
2422,vivo,10990.0,3,32,1,256,6.51,0,HD,13, 8,5000,Qualcomm Sanpdragon
2423,vivo,45990.0,8,256,0,256,6.56,0,HD,50, 32,4450,Mediatek
2424,vivo,9490.0,3,32,1,256,6.22,0,HD,13, 5,4030,Mediatek
2425,vivo,15790.0,8,128,1,1024,6.58,0,HD,50, 16,5000,Mediatek
2426,vivo,21199.0,8,128,1,1024,6.44,0,HD,48, 32,4100,Qualcomm Sanpdragon
2427,vivo,17990.0,8,128,1,1024,6.58,0,HD,50, 16,5000,Qualcomm Sanpdragon
2430,vivo,9499.0,3,32,1,1024,6.51,0,HD,13, 8,5000,Mediatek
2432,vivo,10980.0,3,32,1,256,6.35,0,HD,13, 8,5000,Qualcomm Sanpdragon
2437,vivo,13499.0,4,128,1,1024,6.51,0,HD,13, 8,5000,Mediatek
2438,vivo,9490.0,2,32,1,1024,6.51,0,HD,13, 5,5000,Mediatek
2439,vivo,39990.0,8,128,0,256,6.56,0,HD,48, 32,4200,Qualcomm Sanpdragon
2443,vivo,15990.0,4,128,1,1024,6.58,0,HD,50, 16,5000,Qualcomm Sanpdragon
2445,vivo,30990.0,8,256,0,256,6.44,0,HD,64, 44,4000,Mediatek
2446,vivo,16990.0,4,64,1,256,6.51,0,HD,13, 8,5000,Qualcomm Sanpdragon
2447,vivo,27990.0,8,128,0,256,6.44,0,HD,64, 44,4000,Mediatek
2450,vivo,8249.0,2,32,1,256,6.22,0,HD,13, 5,4030,Mediatek
2451,vivo,10990.0,3,32,1,256,6.35,0,HD,13, 8,5000,Qualcomm Sanpdragon
2452,vivo,24990.0,8,128,1,1024,6.44,0,HD,64, 32,4000,Mediatek
2454,vivo,38990.0,8,128,0,256,6.56,0,HD,108, 50,4300,Mediatek
2455,vivo,43990.0,12,256,0,256,6.56,0,HD,108, 50,4300,Mediatek
2456,vivo,20990.0,8,128,1,256,6.38,0,HD,48, 32,4500,Qualcomm Sanpdragon
2458,vivo,22990.0,8,128,1,1024,6.58,0,HD,50, 16,5000,Qualcomm Sanpdragon
2459,vivo,43990.0,8,128,0,256,6.78,0,HD,50, 16,4500,other
2462,vivo,12490.0,4,64,1,1024,6.51,0,HD,13, 8,5000,Mediatek
2463,vivo,11990.0,4,64,1,1024,6.51,0,HD,13, 8,5000,Mediatek
2465,vivo,38990.0,12,256,0,256,6.78,0,HD,50, 50,4600,Mediatek
2466,vivo,16990.0,6,128,1,256,6.47,0,HD,13, 8,5000,Mediatek
2468,vivo,59999.0,12,256,0,256,6.78,0,HD,50, 32,4500,Mediatek
2470,vivo,9137.0,3,32,1,1024,6.51,0,HD,13, 8,5000,Mediatek
2471,vivo,19990.0,6,64,0,256,6.38,0,HD,48, 32,4500,Qualcomm Sanpdragon
2474,vivo,24990.0,8,128,0,256,6.38,0,HD,48, 32,4500,Qualcomm Sanpdragon
2475,vivo,34990.0,8,128,1,256,6.39,0,HD,48, 32,3700,Qualcomm Sanpdragon
2476,vivo,34990.0,12,256,0,256,6.44,0,HD,64, 50,4200,Mediatek
2477,vivo,12999.0,8,128,1,256,6.44,0,HD,48, 32,4500,Qualcomm Sanpdragon
2478,vivo,32990.0,6,128,1,256,6.39,0,HD,48, 32,3700,Qualcomm Sanpdragon
2479,vivo,12990.0,4,64,1,1024,6.51,0,HD,13, 8,5000,Mediatek
2480,vivo,22499.0,8,128,0,256,6.44,0,HD,50, 16,4050,other
2481,vivo,49990.0,8,256,0,256,6.56,0,HD,50, 32,4450,Mediatek
2482,vivo,24990.0,8,128,1,1024,6.44,0,HD,64, 44,4000,Qualcomm Sanpdragon
2483,vivo,46990.0,8,128,0,256,6.56,0,HD,50, 32,4450,Mediatek
2486,vivo,17990.0,4,128,1,256,6.47,0,HD,13, 8,5000,Mediatek
2487,vivo,17990.0,8,128,1,256,6.38,0,HD,48, 32,4500,Qualcomm Sanpdragon
2488,vivo,11490.0,3,64,1,256,6.51,0,HD,13, 8,5000,Qualcomm Sanpdragon
2489,vivo,16999.0,6,64,1,256,6.51,0,HD,13, 8,5000,Qualcomm Sanpdragon
2490,vivo,14990.0,6,128,0,256,6.51,0,HD,13, 16,5000,other
2492,vivo,14999.0,4,128,1,256,6.38,0,HD,16, 32,4500,Mediatek
2493,vivo,32990.0,8,128,0,256,6.44,0,HD,64, 44,4000,Mediatek
2494,vivo,29990.0,8,128,0,256,6.44,0,HD,64, 50,4200,Mediatek
2501,vivo,23990.0,8,128,0,256,6.44,0,HD,64, 16,4500,other
2503,vivo,18950.0,8,128,1,256,6.38,0,HD,48, 32,4500,Qualcomm Sanpdragon
2504,vivo,32990.0,6,128,1,256,6.39,0,HD,48, 32,3700,Qualcomm Sanpdragon
2505,vivo,14999.0,3,64,1,256,6.51,0,HD,13, 8,5000,Qualcomm Sanpdragon
2506,vivo,9990.0,3,32,1,256,6.51,0,HD,13, 8,5000,Qualcomm Sanpdragon
2508,vivo,26990.0,8,256,1,512,6.44,0,HD,48, 32,4500,Qualcomm Sanpdragon
2509,vivo,21789.0,8,128,1,1024,6.38,0,HD,64, 16,4500,Qualcomm Sanpdragon
2510,vivo,30990.0,8,128,1,512,6.44,0,HD,48, 32,4500,Qualcomm Sanpdragon
2512,vivo,34990.0,8,256,1,512,6.44,0,HD,48, 32,4500,Qualcomm Sanpdragon
2513,vivo,21990.0,8,128,1,1024,6.58,0,HD,50, 16,5000,Mediatek
2515,vivo,48990.0,12,256,0,256,6.56,0,HD,48, 32,4200,Qualcomm Sanpdragon
2516,vivo,43999.0,12,256,0,256,6.56,0,HD,48, 32,4200,Qualcomm Sanpdragon
2517,vivo,16140.0,4,128,1,256,6.38,0,HD,16, 32,4500,Mediatek
2518,vivo,14990.0,6,128,1,1024,6.51,0,HD,13, 8,5000,Mediatek
2520,vivo,14990.0,3,32,1,256,5.5,0,HD,13, 16,3000,other
2521,vivo,16490.0,6,128,1,1024,6.58,0,HD,48, 16,5000,Qualcomm Sanpdragon
2522,vivo,16990.0,6,64,1,256,6.38,0,HD,16, 32,4500,Mediatek
2525,vivo,13990.0,4,64,1,256,6.35,0,HD,13, 8,5000,Qualcomm Sanpdragon
2526,vivo,26990.0,6,64,1,256,6.53,0,HD,12, 32,4000,Mediatek
2527,vivo,15490.0,3,64,1,256,6.51,0,HD,13, 8,5000,Qualcomm Sanpdragon
2529,vivo,28990.0,8,256,1,1024,6.44,0,HD,64, 44,4000,Qualcomm Sanpdragon
2530,vivo,15148.0,4,128,0,256,6.386,0,HD,48, 32,4500,other
2531,vivo,36990.0,6,128,1,256,6.28,0,HD,12, 12,3200,Qualcomm Sanpdragon
2532,vivo,19990.0,4,32,1,256,6.3,0,HD,16, 16,3260,Qualcomm Sanpdragon
2533,vivo,9999.0,3,64,1,256,6.35,0,HD,13, 8,5000,Qualcomm Sanpdragon
2534,vivo,16990.0,4,64,1,256,6.22,0,HD,13, 8,3260,Mediatek
2535,vivo,10900.0,4,32,1,256,6.22,0,HD,13, 8,4030,Mediatek
2536,vivo,24990.0,6,64,1,256,6.3,0,HD,16, 25,3315,Mediatek
2537,vivo,24990.0,8,128,1,1024,6.44,0,HD,64, 44,4000,Qualcomm Sanpdragon
2538,vivo,13990.0,3,64,1,256,6.35,0,HD,13, 8,5000,Mediatek
2539,vivo,8490.0,3,32,1,256,6.22,0,HD,13, 5,4030,Mediatek
2540,vivo,30990.0,8,256,1,1024,6.44,0,HD,64, 44,4000,Qualcomm Sanpdragon
2542,vivo,27990.0,8,128,1,1024,6.44,0,HD,64, 44,4000,Qualcomm Sanpdragon
2543,vivo,10990.0,3,32,0,256,6.51,0,HD,13, 16,5000,other
2544,vivo,10990.0,3,32,1,256,6.22,0,HD,13, 8,4030,Qualcomm Sanpdragon
2545,vivo,23990.0,4,64,1,256,6.3,0,HD,16, 24,3260,Qualcomm Sanpdragon
2547,vivo,19990.0,8,128,1,256,6.53,0,HD,13, 16,5000,Qualcomm Sanpdragon
2549,vivo,19990.0,8,128,0,256,6.58,0,HD,48, 8,5000,Qualcomm Sanpdragon
2551,vivo,9990.0,3,32,0,256,6.35,0,HD,13, 8,5000,other
2552,vivo,34499.0,8,128,0,256,6.56,0,HD,48, 32,4300,Qualcomm Sanpdragon
2555,vivo,27990.0,8,128,0,256,6.44,0,HD,48, 32,4100,Qualcomm Sanpdragon
2556,vivo,28990.0,6,64,1,256,6.41,0,HD,12, 25,3400,Qualcomm Sanpdragon
2557,vivo,22221.0,4,64,1,256,5.99,0,HD,16, 24,3225,Qualcomm Sanpdragon
2558,vivo,20990.0,6,128,1,256,6.53,0,HD,16, 32,5000,Qualcomm Sanpdragon
2559,vivo,27990.0,8,256,1,1024,6.44,0,HD,64, 44,4000,Qualcomm Sanpdragon
2560,vivo,17990.0,6,64,1,256,6.53,0,HD,16, 32,5000,Qualcomm Sanpdragon
2561,vivo,15990.0,4,64,1,256,6.53,0,HD,16, 32,5000,Qualcomm Sanpdragon
2562,vivo,17999.0,6,128,0,256,6.51,0,HD,13, 16,5000,other
2563,vivo,34990.0,8,128,0,256,6.56,0,HD,48, 32,4300,Qualcomm Sanpdragon
2564,vivo,46990.0,12,256,0,256,6.56,0,HD,48, 32,4300,Qualcomm Sanpdragon
2565,vivo,18490.0,8,128,1,1024,6.58,0,HD,48, 16,5000,Qualcomm Sanpdragon
2566,vivo,17990.0,8,128,1,1024,6.58,0,HD,48, 16,5000,Qualcomm Sanpdragon
2567,vivo,16990.0,6,128,1,1024,6.58,0,HD,48, 16,5000,Qualcomm Sanpdragon
2569,vivo,41999.0,8,256,0,256,6.56,0,HD,48, 32,4315,Qualcomm Sanpdragon
2570,vivo,64690.0,12,256,0,256,6.56,0,HD,50, 32,4200,Qualcomm Sanpdragon
2571,vivo,13490.0,4,64,1,256,6.51,0,HD,13, 8,5000,Mediatek
2572,vivo,12890.0,4,64,1,256,6.22,0,HD,13, 8,3260,Mediatek
2573,vivo,8100.0,2,16,1,256,5,0,HD,8, 5,2500,Qualcomm Sanpdragon
2576,vivo,17990.0,4,64,1,256,6.35,0,HD,13, 16,5000,Mediatek
2578,vivo,17990.0,4,64,1,256,6.53,0,HD,16, 32,5000,Qualcomm Sanpdragon
